"CPI Level 3 Classes for New Zealand, Seasonally adjusted (Qrtly-Mar/Jun/Sep/Dec)","","","","","","","","","","","","","","","","","","","","","","","","","","","","","","","","","","","","","","","","","","","","","","","","","","","","","","","","","","","","","","","","","","","","","","","","","","","","","","","","","","","","","","","","","","","","","","","","","","","","","","","","","","",""
"","Seasonally adjusted","","","","","","","","","","","","","","","","","","","","","","","","","","","","","","","","","","","","","","","","","","","","","","","","","","","","","","","","","","","","","","","","","","","","","","","","","","","","","","","","","","","","","","","","","","","","","","","","","","","","","","","","","",""
" ","Fruit","Vegetables","Meat and poultry","Fish and other seafood","Bread and cereals","Milk, cheese and eggs","Oils and fats","Food additives and condiments","Confectionery, nuts and snacks","Other grocery food","Coffee, tea and other hot drinks","Soft drinks, waters and juices","Restaurant meals","Ready-to-eat food","Beer","Wine","Spirits and liqueurs","Cigarettes and tobacco","Men's clothing","Women's clothing","Children's and infants' clothing","Clothing accessories","Knitting and sewing supplies","Clothing services","Men's footwear","Women's footwear","Children's and infants' footwear","Actual rentals for housing","Purchase of housing","Property maintenance materials","Property maintenance services","Water supply","Refuse disposal and recycling","Local authority rates and payments","Other property related services","Electricity","Gas","Solid fuels","Furniture and furnishings","Carpets and other floor coverings","Household textiles","Major household appliances","Small electrical household appliances","Repair and hire of household appliances","Glassware, tableware and household utensils","Major tools and equipment for the house and garden","Small tools and accessories for the house and garden","Cleaning products and other household supplies","Other household services","Pharmaceutical products","Other medical products","Therapeutic appliances and equipment","Medical services","Dental services","Paramedical services","Hospital services","Purchase of new motor cars","Purchase of second-hand motor cars","Purchase of motorcycles","Purchase of bicycles","Vehicle parts and accessories","Petrol","Other vehicle fuels and lubricants","Vehicle servicing and repairs","Other private transport services","Rail passenger transport","Road passenger transport","Domestic air transport","International air transport","Sea passenger transport","Postal services","Telecommunication equipment","Telecommunication services","Audio-visual equipment","Computing equipment","Recording media","Major recreational and cultural equipment","Games, toys and hobbies","Equipment for sport, camping and outdoor recreation","Plants, flowers and gardening supplies","Pets and pet-related products","Recreational and sporting services","Cultural services","Veterinary services","Books","Newspapers and magazines","Stationery and drawing materials","Accommodation services","Early childhood education","Primary and secondary education","Tertiary and other post school education","Other educational fees","Hairdressing and personal grooming services","Electrical appliances for personal care","Other appliances, articles and products for personal care","Jewellery and watches","Other personal effects","Life insurance","Dwelling insurance","Contents insurance","Health insurance","Vehicle insurance","Direct credit service charges","Vocational services","Professional services","Real estate services","Other miscellaneous services not elsewhere classified"
"2006Q2",661,676,784,753,846,770,673,842,800,813,781,779,758,731,778,968,810,365,1063,984,974,"..",909,657,1195,996,1004,790,639,758,692,664,519,576,"..",654,692,727,1078,865,973,1088,1167,693,999,890,897,1062,710,1008,852,937,762,661,754,661,1094,889,1063,1235,773,893,1017,734,1147,623,765,962,1191,852,664,11898,1323,6944,3542,1437,826,1377,1103,807,710,760,829,696,855,627,770,811,1127,610,662,"..",734,1187,1033,622,1084,895,290,685,488,813,1075,756,579,646,720
"2006Q3",732,682,789,764,846,747,680,867,804,818,797,779,763,742,782,975,822,369,1066,980,974,"..",908,671,1168,992,986,792,652,758,707,679,541,591,"..",667,713,736,1108,879,960,1078,1176,699,1008,893,900,1071,713,1007,856,940,736,670,754,666,1066,880,1069,1263,791,886,999,742,1084,643,769,991,1161,922,664,11382,1323,6597,3534,1417,831,1358,1095,812,709,765,817,714,874,634,807,828,1139,619,667,"..",745,1176,1029,640,1084,899,290,686,513,815,1075,757,583,655,755
"2006Q4",794,693,823,771,850,721,684,882,818,819,784,776,768,747,788,988,824,376,1063,978,982,"..",925,675,1157,993,982,799,659,760,713,702,572,600,"..",675,746,741,1093,886,953,1081,1172,744,1004,890,903,1087,719,966,865,942,737,685,754,683,1073,875,1067,1271,788,751,841,748,1093,685,789,987,1155,922,673,10934,1323,6424,3446,1405,835,1358,1091,833,721,776,817,717,900,642,814,826,1130,627,672,"..",753,1182,1029,657,1088,896,291,688,518,814,1069,779,587,661,763
"2007Q1",800,695,843,773,865,723,693,879,828,828,789,802,775,754,792,990,831,377,1066,980,984,"..",932,696,1153,986,947,805,667,768,725,712,575,609,"..",688,751,743,1075,887,958,1087,1148,773,966,904,900,1064,722,976,873,945,746,700,754,694,1072,871,1054,1241,796,757,807,759,1115,698,802,970,1190,922,675,10317,1328,6104,3314,1369,841,1340,1095,834,719,784,827,734,902,649,791,827,1140,647,668,"..",757,1187,1034,681,1092,895,296,688,525,814,1062,791,598,683,767
"2007Q2",788,694,860,782,867,726,678,871,826,821,808,806,780,764,796,1000,842,379,1071,976,997,"..",935,721,1146,996,968,810,678,774,735,720,601,619,"..",699,753,746,1098,892,951,1079,1133,777,990,900,917,1074,757,984,876,948,771,708,767,705,1070,875,1072,1234,796,818,839,766,1129,702,802,964,1192,894,683,9553,1337,5743,3207,1365,846,1341,1091,837,724,791,828,740,905,657,832,843,1122,654,673,"..",767,1127,1033,690,1089,900,299,688,522,805,1056,806,617,706,771
"2007Q3",751,679,858,774,865,773,673,870,838,817,781,805,786,773,804,1017,847,384,1074,976,993,"..",940,727,1126,994,984,816,690,783,748,730,644,630,"..",708,765,749,1094,894,957,1076,1128,800,988,900,917,1054,761,825,879,953,739,718,767,714,1062,879,1047,1216,801,833,886,771,1098,705,803,963,1192,894,697,8834,1335,5458,3066,1362,854,1323,1088,829,721,801,834,748,931,665,852,851,759,663,679,"..",775,1136,1028,693,1101,903,301,690,517,814,1061,806,624,723,788
"2007Q4",757,704,877,792,879,834,773,887,847,823,824,810,791,781,814,1022,858,388,1075,980,990,"..",901,730,1116,997,974,822,699,787,758,727,652,640,"..",719,784,754,1079,885,960,1071,1149,825,1002,894,922,1083,764,822,877,955,745,722,767,721,1061,884,1020,1180,814,878,981,778,1108,694,807,919,1213,920,697,8378,1331,5069,2965,1338,867,1309,1087,830,724,802,828,763,946,674,857,854,736,671,685,"..",783,1139,1033,709,1090,901,305,680,523,802,1060,807,629,727,799
"2008Q1",748,719,877,774,921,882,882,873,854,821,844,838,797,795,818,1024,865,390,1083,976,980,"..",905,740,1099,988,945,830,705,794,768,736,675,650,"..",729,828,757,1060,899,964,1068,1139,826,965,896,920,1077,775,822,883,955,746,731,767,733,1044,887,1022,1156,834,913,1034,791,1124,705,820,879,1239,920,697,7910,1331,4813,2803,1349,869,1300,1080,832,732,815,830,772,935,684,808,862,744,684,688,"..",799,1128,1030,718,1088,898,323,710,531,859,1067,810,630,727,799
"2008Q2",773,754,886,797,947,896,876,892,882,848,868,837,811,812,813,1030,872,392,1073,982,970,1015,901,752,1087,994,971,835,713,798,778,745,694,659,"..",745,846,756,1056,912,968,1064,1140,843,977,890,926,1075,787,826,883,966,759,746,743,743,1039,875,1031,1163,843,1029,1300,803,1144,709,824,913,1276,920,738,7538,1336,4486,2665,1329,865,1270,1081,845,743,823,831,783,921,691,843,879,745,692,694,595,810,1099,1035,735,1079,903,325,712,520,859,1065,817,638,722,818
"2008Q3",816,785,908,823,978,911,892,899,894,868,866,850,822,829,821,1032,880,397,1071,979,981,1024,899,765,1093,987,981,842,722,806,784,757,701,665,"..",756,872,761,1059,890,957,1078,1177,873,995,897,942,1103,798,828,901,969,764,755,743,765,1032,827,1039,1184,859,1077,1365,810,1201,731,833,963,1285,920,738,7283,1321,4139,2550,1339,851,1270,1081,867,765,828,835,795,963,698,836,879,747,701,701,610,817,1052,1051,756,1057,905,338,726,523,887,1065,819,650,698,831
"2008Q4",871,781,970,850,1025,926,905,924,906,889,902,849,833,837,831,1041,891,403,1078,989,977,1011,915,776,1097,992,957,846,721,822,789,776,712,677,"..",774,876,766,1077,875,984,1071,1177,883,1002,912,975,1081,795,830,901,974,774,757,743,770,1040,826,1034,1248,859,836,1027,817,1217,755,837,968,1254,926,738,6832,1321,3944,2506,1300,876,1274,1082,880,769,838,843,804,1015,706,855,889,758,709,709,618,821,1029,1052,767,1072,926,363,743,531,915,1068,821,653,683,847
"2009Q1",901,768,976,873,1052,921,923,955,918,904,938,878,842,844,845,1045,894,406,1082,986,986,1016,922,786,1099,991,971,847,721,835,787,785,730,686,"..",784,867,769,1073,887,976,1076,1207,880,964,941,1009,1104,787,843,900,976,780,769,743,779,1079,848,1046,1335,914,828,850,825,1236,759,831,962,1169,926,738,6814,1321,3813,2521,1305,903,1280,1083,891,802,849,842,812,1015,716,883,888,769,717,717,619,826,1056,1063,791,1064,949,367,746,540,923,1074,832,656,675,860
"2009Q2",907,775,987,886,1069,900,878,982,937,934,972,886,849,852,868,1038,902,408,1098,997,1005,990,926,789,1089,1018,980,850,722,841,791,794,709,696,"..",785,871,790,1095,869,990,1096,1232,864,974,988,1031,1103,790,860,912,978,786,778,748,786,1120,884,1087,1356,921,854,848,844,1262,763,839,942,1009,867,738,6710,1332,3778,2537,1279,917,1276,1089,889,851,855,847,812,1037,724,910,878,768,726,724,627,833,1076,1082,808,1071,956,373,748,564,935,1074,847,658,676,867
"2009Q3",879,760,996,898,1070,885,872,1026,957,950,951,917,852,860,883,1049,916,410,1084,999,1019,1021,933,793,1115,1019,1024,851,723,836,790,803,719,710,"..",790,878,788,1063,881,981,1092,1244,874,1012,988,1039,1131,788,864,920,978,795,790,748,800,1137,931,1101,1340,921,872,881,849,1322,765,846,935,1089,825,738,6615,1331,3694,2458,1256,920,1279,1090,905,860,860,855,817,1074,731,931,878,771,735,732,642,841,1068,1077,830,1092,956,392,757,577,928,1074,856,663,686,875
"2009Q4",834,742,966,896,1056,884,853,1013,942,946,949,920,857,862,871,1040,919,419,1097,1024,1032,992,945,794,1097,1023,1003,855,726,832,787,807,719,717,"..",790,887,794,1079,879,989,1095,1261,876,969,996,1009,1096,797,874,928,971,802,790,748,810,1140,935,1101,1293,919,863,882,850,1351,755,843,913,1138,934,766,6364,1323,3361,2301,1297,919,1255,1116,914,872,866,854,821,1044,734,932,883,769,742,741,650,847,1096,1075,837,1087,955,404,816,582,928,1000,856,672,693,878
"2010Q1",841,770,981,898,1041,926,892,1024,942,950,956,914,860,866,886,1044,932,406,1088,1017,1041,993,945,794,1096,1018,930,857,727,830,788,816,720,727,"..",798,904,798,1043,889,975,1087,1240,879,951,988,1012,1100,805,898,922,968,811,797,748,819,1130,932,1098,1266,912,923,936,857,1371,770,848,878,1163,935,766,6028,1315,3104,2162,1272,914,1243,1116,920,872,872,860,827,1033,738,935,884,778,741,761,764,851,979,1067,836,1080,943,407,807,593,930,962,856,675,703,880
"2010Q2",849,727,949,866,1037,927,946,1008,938,933,911,923,863,871,899,1058,944,445,1088,1016,1026,1003,945,806,1101,1023,977,861,730,847,792,825,731,737,"..",793,907,802,1040,886,979,1075,1243,897,979,995,1013,1063,795,886,929,970,822,803,752,828,1127,912,1099,1276,901,936,983,862,1391,783,859,863,1165,951,766,5702,1312,2896,2072,1243,917,1233,1114,928,878,880,861,834,1004,747,927,881,782,750,770,774,860,964,1057,836,1088,941,410,806,623,941,956,859,676,708,883
"2010Q3",876,743,962,898,1025,975,935,1002,950,942,916,918,869,875,905,1064,949,470,1088,1013,1020,988,947,815,1094,1021,974,865,734,871,800,831,722,745,"..",818,914,806,1036,895,945,1062,1190,900,976,996,996,1071,799,894,931,964,833,806,752,832,1126,945,1088,1218,901,923,985,865,1454,784,870,871,1174,953,766,5409,1315,2785,2083,1272,917,1219,1101,930,884,890,864,848,1049,755,928,870,796,758,779,791,874,975,1062,841,1068,949,411,806,638,936,956,862,689,705,894
"2010Q4",885,861,988,907,1047,995,965,1029,983,973,930,945,892,893,934,1072,972,494,1082,999,1022,1002,955,852,1109,1024,983,868,749,891,829,855,736,767,"..",836,932,811,1064,913,987,1071,1237,933,972,1015,1004,1069,835,903,947,981,875,837,879,848,1148,962,1132,1266,906,986,1048,884,1513,800,887,933,1139,963,824,5140,1324,2736,2048,1276,932,1229,1101,936,899,900,880,876,1022,782,956,899,825,766,789,800,899,1002,1074,864,1075,949,423,834,661,954,971,869,708,716,916
"2011Q1",891,865,1015,894,1062,1008,961,1044,994,971,972,952,895,904,941,1070,979,509,1076,998,1014,959,960,861,1104,1018,932,872,748,892,841,863,745,777,"..",847,952,816,1019,908,977,1062,1211,929,908,1014,1005,1079,839,912,953,983,882,850,879,856,1144,946,1124,1236,914,1081,1191,893,1534,806,906,951,1151,963,829,4891,1313,2563,1983,1280,927,1219,1090,948,896,904,888,878,1043,771,954,909,869,779,810,807,906,1009,1079,870,1069,964,430,861,674,937,972,869,716,712,929
"2011Q2",864,870,1016,893,1095,1007,997,1073,1008,974,1030,981,901,909,937,1060,972,516,1070,994,1023,982,962,863,1091,1055,952,877,755,893,848,871,758,787,1009,854,951,826,1024,962,1021,1049,1173,915,959,1001,1012,1091,844,905,959,984,886,857,879,864,1143,975,1125,1144,907,1124,1276,896,1544,820,911,1027,1220,963,829,4510,1300,2500,1927,1259,945,1201,1077,949,917,914,906,882,1051,777,967,903,874,788,820,818,906,1013,1086,893,1055,955,430,864,695,941,973,892,722,714,927
"2011Q3",838,871,1022,918,1100,1014,991,1089,1014,987,1034,980,906,912,945,1059,978,526,1070,1002,1025,983,962,870,1089,1051,986,881,761,908,850,885,768,794,1012,855,942,836,1024,984,1040,1066,1233,932,978,1002,1004,1077,848,910,961,982,891,864,882,874,1144,1001,1101,1165,947,1087,1191,902,1512,814,970,1045,1157,973,833,4082,1255,2347,1827,1266,941,1174,1066,953,935,921,908,884,1038,777,970,921,886,797,829,832,908,1011,1085,907,1054,953,483,913,712,956,996,892,756,717,933
"2011Q4",838,792,1012,930,1102,1000,956,1086,1030,990,1050,971,911,917,950,1071,972,543,1067,992,1024,991,992,872,1070,1048,981,886,764,906,851,882,788,803,984,857,943,841,995,984,1034,1057,1173,944,911,1019,981,1071,857,911,962,984,897,872,887,878,1137,1010,1106,1146,955,1096,1250,905,1518,801,946,1065,1126,976,835,3799,1210,2257,1783,1251,929,1127,1059,958,925,921,928,882,1049,776,965,918,892,805,838,840,914,947,1077,914,1039,954,497,921,722,963,999,915,766,722,935
"2012Q1",845,794,1013,918,1107,993,939,1095,1029,1004,1045,969,912,920,959,1083,972,574,1068,994,1022,990,1010,876,1069,1039,929,892,769,917,860,890,795,813,984,864,948,846,978,990,1056,1055,1205,946,973,1007,999,1072,858,905,969,988,901,876,887,885,1135,1030,1088,1191,959,1121,1251,906,1529,806,942,1093,1139,976,839,3436,1213,2104,1756,1226,927,1100,1061,962,957,924,930,884,901,779,972,921,906,806,841,843,919,973,1082,944,1037,964,589,958,735,962,1000,917,774,731,934
"2012Q2",868,824,1005,925,1099,969,909,1091,1038,995,1014,966,917,920,981,1084,979,585,1068,986,1027,987,1017,879,1067,1021,988,897,776,916,860,897,805,822,984,885,943,851,992,994,1064,1048,1118,951,951,1005,970,1068,880,917,969,988,906,879,891,889,1127,1028,1092,1147,966,1126,1237,913,1535,818,933,1103,1150,976,843,3250,1183,2028,1698,1203,924,1112,1053,966,940,928,928,889,919,785,963,938,909,815,850,853,923,949,1083,961,1038,970,591,960,737,962,1031,931,785,734,935
"2012Q3",891,840,1006,928,1092,947,865,1077,1020,1004,1030,969,923,923,982,1075,977,599,1057,989,1021,988,1017,889,1067,1024,1008,903,784,915,857,903,818,827,984,893,940,857,1033,988,1019,1030,1117,954,955,1003,986,1071,891,917,981,993,917,884,891,890,1124,1006,1083,1156,969,1115,1234,912,1532,847,922,1016,1142,976,875,3090,1161,1931,1659,1182,931,1121,1059,962,936,934,930,894,890,793,972,943,913,824,859,864,930,928,1081,973,1022,976,693,973,743,957,1037,931,795,737,940
"2012Q4",904,855,1003,912,1072,933,854,1066,1023,999,1012,971,923,920,981,1077,983,617,1056,988,1005,970,1015,899,1046,1028,997,907,788,917,869,909,827,837,984,902,954,862,970,993,1037,1011,1086,951,948,1012,987,1053,893,917,977,998,930,888,943,895,1104,1002,1089,1146,963,1106,1240,913,1518,906,927,1001,1154,976,877,2858,1142,1875,1601,1197,925,1073,1039,958,928,939,929,903,973,801,960,941,923,832,867,872,936,966,1076,945,1004,977,716,977,752,957,1038,934,806,745,931
"2013Q1",892,835,1013,919,1100,942,851,1063,1032,1000,1018,982,930,921,990,1089,984,638,1046,984,1011,954,1018,906,1026,1026,983,912,795,926,875,916,839,847,961,909,944,867,942,992,984,1013,1095,952,935,1007,1007,1056,899,1003,967,1002,931,892,943,902,1107,1011,1092,1110,962,1123,1217,919,1503,908,921,985,1160,976,879,2665,1126,1792,1555,1159,930,1077,1027,956,964,942,936,907,869,816,959,942,929,844,874,887,940,909,1081,986,988,977,734,973,765,955,1043,938,811,753,931
"2013Q2",900,834,1008,928,1091,948,898,1061,1018,1004,1008,984,933,923,978,1078,985,654,1054,970,1002,938,1018,913,1014,1013,948,916,808,933,890,922,864,856,948,915,947,857,963,991,998,999,1090,936,952,991,1005,1055,908,1009,980,1002,938,903,946,909,1096,1002,1083,1162,962,1095,1171,921,1498,913,943,973,1152,976,882,2506,1124,1750,1484,1167,922,1076,1027,955,947,946,940,910,918,834,942,950,931,854,883,896,945,994,1072,982,987,981,807,986,777,963,1057,950,820,762,936
"2013Q3",906,858,1012,923,1090,961,933,1068,1014,996,1025,988,937,925,977,1081,981,669,1041,969,1003,891,1017,920,987,1010,978,921,816,934,900,921,887,864,937,925,946,841,946,993,948,987,1034,943,980,991,1011,1076,919,1000,977,997,947,903,952,917,1084,995,1056,1175,961,1156,1242,926,1522,916,952,1001,1133,979,888,2319,1116,1688,1453,1164,932,1092,1033,966,947,946,946,916,945,841,935,958,935,863,891,905,947,836,1074,965,974,989,825,989,801,958,1057,952,824,771,955
"2013Q4",896,832,1024,914,1082,1001,927,1069,986,1000,1021,995,942,933,982,1083,980,689,1027,983,997,927,1005,919,998,1012,1005,926,825,940,911,930,896,873,937,929,933,846,971,1002,958,998,1054,944,964,992,1004,1054,933,1007,986,991,950,907,952,921,1074,996,1041,1078,964,1116,1229,926,1533,925,948,1068,1160,979,890,2241,1116,1639,1441,1145,934,1096,1009,972,945,949,950,912,992,848,949,960,926,872,899,912,950,868,1067,963,983,992,840,988,813,962,1057,952,839,786,955
"2014Q1",892,808,1019,930,1079,998,930,1059,1006,1001,1048,1002,944,939,980,1043,979,702,1025,975,1000,921,1007,929,1014,1012,968,930,835,943,921,936,916,882,963,935,964,851,941,1006,979,992,1035,936,955,988,1020,1050,937,993,981,992,957,924,952,927,1062,985,1053,1015,962,1127,1210,946,1515,928,941,1088,1167,979,888,2092,1103,1556,1399,1129,936,1074,1010,976,950,949,954,916,964,858,959,965,931,882,907,915,954,879,1071,959,971,993,890,992,826,990,1057,955,839,792,959
"2014Q2",891,849,1029,938,1074,1022,945,1057,986,1009,1024,1000,949,944,971,1035,974,721,1002,981,998,952,1006,932,1017,1007,923,936,845,946,923,941,922,891,952,956,963,857,970,998,970,994,1033,934,997,993,1000,1062,941,996,987,988,961,926,952,932,1055,980,1038,1022,964,1125,1194,948,1503,930,965,1062,1162,979,888,1896,1095,1521,1379,1103,941,1055,1005,985,955,951,962,925,919,868,960,976,950,892,915,922,956,880,1059,957,964,995,895,999,822,976,1057,956,852,795,960
"2014Q3",897,808,1016,944,1042,1017,945,1040,982,990,1020,1005,953,946,973,1024,977,747,1002,993,994,908,1007,936,1021,1001,959,941,855,951,936,949,924,900,952,959,963,898,953,999,923,979,998,947,944,995,1004,1067,959,998,982,985,972,935,985,933,1049,975,1031,962,963,1136,1193,955,1522,933,974,1050,1184,981,922,1743,1083,1479,1310,1129,949,1054,990,983,938,956,960,932,1020,872,958,974,952,901,922,930,960,882,1067,956,970,1004,898,1000,845,976,1052,958,856,800,970
"2014Q4",926,842,1039,937,1039,1019,870,1051,992,1002,1045,991,955,951,974,1019,977,770,998,983,1006,918,1007,937,987,1006,955,946,870,952,935,954,925,907,952,963,964,905,998,1001,933,982,977,941,942,987,988,1040,962,1010,999,982,976,938,985,936,1055,968,1004,988,951,1071,1115,957,1523,928,954,1138,1158,986,922,1568,1066,1382,1230,1080,945,1079,1001,988,955,959,958,936,997,882,966,979,968,910,929,936,953,843,1067,960,963,1005,908,997,863,978,1052,959,863,804,987
"2015Q1",955,869,1040,938,1042,1008,838,1061,1006,995,1026,1009,958,955,979,1024,984,801,995,981,1012,948,1025,940,990,999,918,952,877,955,939,960,927,917,952,967,959,913,982,999,922,970,984,947,954,989,993,1049,967,1013,982,983,976,944,985,942,1037,948,999,1027,948,958,953,965,1487,930,984,1188,1110,986,926,1510,1067,1347,1187,1057,947,1082,994,997,961,966,963,937,981,887,984,976,968,925,944,933,959,808,1066,947,988,1006,918,986,872,982,1052,963,865,820,987
"2015Q2",913,840,1034,949,1029,995,894,1051,1011,1008,1040,1020,964,961,988,1031,990,822,998,998,985,874,1029,953,981,999,955,957,890,957,946,964,932,926,952,957,954,902,972,944,907,978,999,950,915,996,1001,1068,970,1007,994,983,982,950,987,946,1026,936,989,1052,968,1042,1037,966,1470,935,974,1030,1087,991,926,1536,1048,1326,1171,1059,945,1075,999,997,965,969,967,945,1003,896,975,976,976,934,952,939,969,831,1062,949,971,1007,922,988,888,969,1052,979,874,829,988
"2015Q3",977,836,1024,947,1015,967,866,1053,1015,999,994,1029,968,966,992,1023,997,841,1011,999,982,930,1023,963,983,996,913,963,902,959,951,970,934,953,934,961,955,893,1011,977,946,988,1035,964,871,1001,1002,1033,971,1002,994,987,957,957,968,947,1031,946,1002,1016,970,1059,1023,975,1167,935,981,1037,1109,991,952,1499,1038,1299,1155,1022,960,1040,997,1000,945,972,975,948,1003,910,981,1000,979,943,956,947,973,954,1052,968,996,1007,924,984,899,969,1052,979,883,849,1003
"2015Q4",1002,838,1013,946,1011,931,830,1035,1007,1003,986,1014,974,970,991,1004,999,863,1020,992,990,940,993,963,990,1000,915,969,913,969,954,975,941,963,949,967,970,900,1038,996,925,987,946,968,871,983,993,1014,970,1008,986,988,965,961,968,950,1033,942,1010,1069,986,985,940,982,1161,930,996,1118,1063,990,955,1434,1033,1236,1172,1027,969,1035,1013,1000,956,973,976,958,1051,928,979,1007,972,951,962,953,981,898,1037,973,973,1018,931,987,921,978,1049,979,896,879,986
"2016Q1",993,842,1029,963,1012,949,871,1029,1016,1004,973,1020,979,974,992,998,1000,878,1007,995,991,931,992,963,989,996,927,974,921,972,964,980,952,974,947,970,970,911,1047,1006,971,1019,996,974,904,988,999,1019,972,998,970,987,969,962,968,956,1027,962,1020,994,985,909,803,985,1144,943,1009,1064,1056,990,954,1357,1040,1208,1160,986,975,1043,1017,1002,977,976,978,964,956,941,983,1021,971,960,975,953,986,1079,1037,958,980,1019,937,982,930,974,1048,981,903,891,979
"2016Q2",1020,839,1001,976,1018,942,892,1041,1007,1006,988,1019,981,979,999,996,1002,900,1044,985,1005,946,994,977,1003,999,917,979,940,984,974,984,959,983,995,975,994,932,1019,990,990,989,993,972,925,994,982,1012,977,991,982,987,974,966,970,960,995,979,1022,980,981,957,890,990,1124,945,991,959,1043,992,955,1318,1040,1132,1131,971,983,1047,1015,1008,981,977,984,981,1007,954,995,1012,984,969,983,959,991,898,1035,934,979,1020,935,986,953,973,1048,985,914,913,988
"2016Q3",972,857,998,973,1005,940,873,1018,1000,1023,995,1019,987,985,996,992,995,921,1025,988,1010,967,998,973,997,996,960,983,959,987,980,993,969,985,1003,983,994,947,1052,1013,993,1032,1016,979,977,1006,983,1011,979,1001,991,995,982,973,980,983,985,980,1029,1010,987,941,913,992,1023,1014,1017,1009,994,997,998,1281,1032,1160,1126,954,987,1060,1013,1011,969,982,989,988,991,975,988,1012,986,977,981,966,995,884,1023,992,963,1020,947,984,950,973,1048,986,922,941,998
"2016Q4",944,890,1000,973,1007,950,913,1014,1005,1013,979,1006,992,989,1001,1004,998,945,1032,999,1010,974,990,974,1017,1003,984,989,973,989,987,998,990,994,1003,988,1001,957,1019,1011,975,1031,996,967,944,1005,1000,1003,984,995,991,1000,993,986,980,991,1015,987,1009,987,987,979,967,984,1007,1007,1044,1107,1002,998,997,1163,1025,1125,1085,971,989,1040,997,998,987,985,992,991,1027,990,978,1032,991,984,986,974,995,921,1017,976,998,984,964,984,958,967,1048,988,958,985,1000
"2017Q1",995,905,1006,983,1011,995,968,1020,1022,1023,1008,1020,994,995,1000,999,1000,965,1028,997,1004,995,997,989,1013,1006,950,996,982,997,990,1002,1011,1005,1003,990,997,969,1042,1000,1013,1016,986,992,929,1004,1007,1011,989,1018,966,1003,995,988,980,998,1008,983,998,1034,988,1020,1020,985,983,1017,1038,1170,1010,1000,1005,1126,1013,1097,1044,955,990,1024,1003,998,1004,991,999,998,956,999,979,1043,991,988,996,989,999,970,1015,987,998,1000,987,992,976,993,1029,989,991,995,1002
"2017Q2",974,996,1000,1000,1000,1000,1000,990,1000,1006,1000,1000,1000,1000,997,998,998,988,1000,1000,999,992,1000,1000,990,1000,1000,999,1000,1000,1001,1007,1003,1015,1000,994,1000,985,1000,1000,1000,999,1000,1000,1000,1000,1000,1000,1000,1000,1000,1000,1000,1000,1000,1007,1000,1002,1000,986,1000,1000,1000,1000,979,1001,1040,1000,1009,1000,1000,1012,1000,1000,1008,1000,1000,1000,999,1001,1000,1002,1003,1000,1000,1011,986,1020,1000,996,1004,996,1000,1003,1000,1001,1002,1000,1000,1000,996,1000,1000,1000,1000,1000,1000
"2017Q3",998,936,1003,1009,1010,1002,1042,1003,1019,1025,1027,1017,1012,1005,1006,1012,1000,1012,1006,1004,1008,1022,1001,1003,988,989,990,1005,1011,1002,1014,1002,1019,1020,1000,1000,1007,996,1015,1031,1002,998,1021,1000,980,997,980,1013,1001,1003,1013,1002,1006,1001,1005,1010,1010,996,999,1003,1005,983,980,1001,990,1001,1038,1040,968,1000,1012,1001,985,993,960,1003,1005,972,1003,1005,991,1003,997,1001,977,1020,991,1079,1002,1004,996,1004,1003,985,1012,995,990,1000,1061,1027,1028,1019,998,1010,996,1017,1014
"2017Q4",1006,929,997,1020,1001,992,1095,997,1023,1024,1026,1012,1017,1011,1012,1008,1003,1038,989,981,996,1015,1023,1009,1011,999,979,1012,1024,997,1029,1007,1023,1029,1000,1008,1011,1008,1016,1007,1009,984,976,994,919,992,984,995,1006,996,1002,990,1003,996,1011,1017,947,1003,1000,1004,988,1043,1064,1009,987,1007,1029,1105,977,1000,1006,1025,961,974,943,999,1009,943,1008,1017,1001,1007,996,1016,1048,1038,994,1056,1012,1011,1001,1013,1011,1014,995,1000,995,1001,1093,1038,1038,1026,997,1012,1002,1023,1014
"2018Q1",989,901,1003,1039,1006,996,1099,980,1026,1019,1011,1017,1022,1017,1012,1005,1005,1069,990,986,1003,991,1028,1014,980,992,933,1017,1028,1006,1043,1011,1028,1040,1000,1016,1015,1021,1032,1003,987,979,977,995,950,996,1001,1005,1019,999,998,993,1006,1011,1022,1024,989,1003,1006,996,965,1071,1114,1019,971,1018,1006,1124,942,1013,1014,983,963,894,923,956,1013,947,1004,1019,999,1011,989,1024,963,1063,977,1082,1020,1017,839,1018,1018,1013,999,1013,983,1001,1134,1048,1045,1040,985,1015,1009,1042,1020
"2018Q2",989,894,997,1048,1003,994,1070,977,1026,1020,1009,1042,1029,1030,1041,1012,1015,1094,993,975,1007,1002,1034,1031,990,1037,955,1024,1039,1006,1052,1015,1035,1052,1000,1023,1015,1038,1019,1000,969,979,996,998,969,986,989,1009,1034,976,1003,1002,1006,1016,1037,1029,980,985,1005,1019,981,1105,1166,1023,970,1034,1037,984,942,1013,1013,927,959,764,908,982,1019,959,1002,1019,1000,1016,946,1028,955,1087,972,1132,1026,1024,844,1026,1028,985,1002,1018,996,1001,1179,1059,1039,1057,965,1023,1019,1044,1019
"2018Q3",968,880,994,1051,995,1006,1083,989,1035,1010,1026,1048,1034,1039,1026,1007,1028,1118,987,980,1002,1015,1028,1038,993,1034,952,1029,1052,1013,1058,1007,1046,1071,1000,1025,1014,1057,1024,1013,998,971,993,1006,976,990,972,1029,1044,983,988,1007,1014,1020,1042,1044,981,984,1001,1003,987,1166,1250,1029,991,1036,1036,1064,962,1020,1066,838,954,784,900,973,1013,990,1004,1018,1016,1021,954,1042,951,1123,977,1146,1027,1032,836,1036,1034,992,990,1022,999,1003,1231,1071,1050,1076,965,1023,1031,1046,1026
"2018Q4",976,852,1026,1069,1001,1013,1096,994,1030,1007,1023,1018,1039,1044,1026,1001,1018,1134,986,957,996,993,1010,1037,957,1039,972,1036,1061,1019,1065,1011,1049,1083,1073,1029,1034,1071,1056,1026,971,977,926,1017,910,985,960,1014,1054,984,992,1009,1016,1027,1042,1056,984,976,1022,983,984,1159,1282,1030,987,1035,1073,1107,938,1032,1073,804,964,794,877,968,1021,1113,1003,1039,996,1030,958,1048,1030,1129,985,"..",1027,1039,840,1045,1039,910,1001,1024,985,1006,1259,1072,1072,1100,962,1023,1058,1046,1027
"2019Q1",973,876,1020,1080,1024,1012,1058,983,1041,1009,1025,1029,1044,1051,1038,1014,1031,1152,992,957,999,1041,1024,1036,975,1036,958,1041,1068,1015,1071,1015,1052,1093,1073,1042,1036,1085,985,1017,932,1004,945,1025,954,981,990,1006,1051,972,990,1012,1006,1046,1042,1065,970,977,1026,1002,968,1078,1226,1035,977,1033,1105,1091,933,986,1083,754,969,716,875,916,1022,963,998,1043,1016,1034,964,1049,951,1143,999,"..",1027,1043,852,1072,1045,875,1003,1035,982,1006,1282,1073,1106,1123,912,1028,1064,1056,1032
"2019Q2",987,819,1019,1096,1018,1022,1053,988,1046,1013,1014,1042,1054,1068,1043,1019,1034,1178,995,968,1003,1014,1023,1062,976,1040,957,1050,1075,1024,1080,1019,1065,1106,1073,1037,1036,1094,1032,1021,981,1012,1036,1031,981,1000,972,1032,1056,987,999,1011,1012,1047,1047,1073,970,954,1032,1008,979,1141,1268,1041,996,1044,1053,950,908,1038,1089,708,971,622,842,941,1040,992,1005,1053,1033,1039,969,1053,950,1159,1006,"..",1027,1050,857,1081,1049,931,1005,1033,972,1007,1306,1093,1125,1153,911,1033,1067,1061,1036
"2019Q3",995,796,1059,1106,1024,1037,1060,993,1054,996,1032,1055,1067,1072,1049,1013,1044,1203,993,964,983,992,1036,1068,969,1034,962,1059,1081,1032,1091,1078,1066,1123,1072,1039,1039,1102,1034,1007,999,1005,999,1037,969,997,984,1016,1070,977,1031,1009,1020,1054,1053,1073,950,966,1003,986,986,1132,1204,1050,1069,1044,1086,1099,916,1035,1094,681,962,661,837,878,1044,961,1002,1071,1037,1047,982,1062,907,1185,1009,"..",1059,1058,848,1091,1062,912,997,1038,965,1015,1325,1109,1146,1166,872,1039,1070,1064,1037
"Table information:"
"Units:"
"Index, Magnitude = Units"
""
"Footnotes:"
" "
"Symbols:"
".. figure not available"
"C: Confidential"
"E: Early Estimate"
"P: Provisional"
"R: Revised"
"S: Suppressed"
""
"Status flags are not displayed"
""
"Table reference: "
"CPI029AA"
""
"Last updated:"
"16 October 2019 10:45am"
""
"Source: Statistics New Zealand"
"Contact: Information Centre"
"Telephone: 0508 525 525"
"Email:info@stats.govt.nz"
""
""
""
