"CPI Non-standard All Groups Less/Plus Selected Groupings for New Zealand (Qrtly-Mar/Jun/Sep/Dec)","","","","","","","","","","","","","","","","","","","","","","","","","",""
"","All groups less credit services subgroup","All groups less central and local government charges","All groups plus interest","All groups less food group","All groups less alcoholic beverages and tobacco group","All groups less clothing and footwear group","All groups less housing and household utilities group","All groups less household contents and services group","All groups less health group","All groups less transport group","All groups less communication group","All groups less recreation and culture group","All groups less education group","All groups less miscellaneous goods and services group","All groups less housing and household utilities group and credit services subgroup","All groups less purchasing of new housing class","All groups less household energy subgroup and vehicles fuels","All groups less vehicle fuels","All groups less food group and vehicle fuels","All groups less petrol class","All groups less food group, household energy subgroup and vehicle fuels","All groups less International travel","All groups less alcoholic beverages subgroup","All groups less cigarettes and tobacco subgroup","All groups less rentals for housing subgroup","All groups less food group, household energy subgroup, vehicle fuels, & government charges"
"1988Q4",512.635339,556.760543,"..",533.478491,558.299996,"..","..","..","..","..","..","..","..","..","..","..","..","..","..","..","..","..","..","..","..",".."
"1989Q1",518.274328,561.771387,"..",539.880233,563.324696,"..","..","..","..","..","..","..","..","..","..","..","..","..","..","..","..","..","..","..","..",".."
"1989Q2",524.938587,569.009275,"..",545.215017,569.465996,"..","..","..","..","..","..","..","..","..","..","..","..","..","..","..","..","..","..","..","..",".."
"1989Q3",544.418730,588.495894,"..",560.152415,587.889896,"..","..","..","..","..","..","..","..","..","..","..","..","..","..","..","..","..","..","..","..",".."
"1989Q4",551.595625,595.733781,"..",566.020679,594.589496,"..","..","..","..","..","..","..","..","..","..","..","..","..","..","..","..","..","..","..","..",".."
"1990Q1",556.721979,601.858148,"..",573.489378,600.730796,"..","..","..","..","..","..","..","..","..","..","..","..","..","..","..","..","..","..","..","..",".."
"1990Q2",566.462050,611.323076,"..",582.558512,610.780196,"..","..","..","..","..","..","..","..","..","..","..","..","..","..","..","..","..","..","..","..",".."
"1990Q3",571.588403,617.447442,"..",587.893297,616.921496,"..","..","..","..","..","..","..","..","..","..","..","..","..","..","..","..","..","..","..","..",".."
"1990Q4",577.740027,624.128569,"..",595.895474,623.621096,"..","..","..","..","..","..","..","..","..","..","..","..","..","..","..","..","..","..","..","..",".."
"1991Q1",581.841110,627.469132,"..",601.230258,627.529196,"..","..","..","..","..","..","..","..","..","..","..","..","..","..","..","..","..","..","..","..",".."
"1991Q2",583.379016,627.469132,"..",601.763738,626.970896,"..","..","..","..","..","..","..","..","..","..","..","..","..","..","..","..","..","..","..","..",".."
"1991Q3",587.992734,630.252934,"..",603.897651,626.412595,"..","..","..","..","..","..","..","..","..","..","..","..","..","..","..","..","..","..","..","..",".."
"1991Q4",589.530640,628.582653,"..",604.431130,624.737695,"..","..","..","..","..","..","..","..","..","..","..","..","..","..","..","..","..","..","..","..",".."
"1992Q1",593.631723,629.696174,"..",608.165479,627.529196,"..","..","..","..","..","..","..","..","..","..","..","..","..","..","..","..","..","..","..","..",".."
"1992Q2",596.194899,630.809695,"..",609.765915,629.204096,"..","..","..","..","..","..","..","..","..","..","..","..","..","..","..","..","..","..","..","..",".."
"1992Q3",599.783347,633.036737,"..",610.299394,631.437296,"..","..","..","..","..","..","..","..","..","..","..","..","..","..","..","..","..","..","..","..",".."
"1992Q4",602.346524,635.263779,"..",611.899829,633.112196,"..","..","..","..","..","..","..","..","..","..","..","..","..","..","..","..","..","..","..","..",".."
"1993Q1",603.884430,636.377300,"..",611.899829,633.670495,"..","..","..","..","..","..","..","..","..","..","..","..","..","..","..","..","..","..","..","..",".."
"1993Q2",606.960242,638.604343,"..",617.768092,637.578596,"..","..","..","..","..","..","..","..","..","..","..","..","..","..","..","..","..","..","..","..",".."
"1993Q3",610.548689,641.388146,"..",620.435485,640.370095,"..","..","..","..","..","..","..","..","..","..","..","..","..","..","..","..","..","..","..","..",".."
"1993Q4",612.086595,641.944906,658.668199,622.569399,641.486695,"..","..","..","..","..","..","..","..","..","..","..","..","..","..","..","..","..","..","..","..",".."
"1994Q1",613.310768,641.302961,658.668199,622.569399,641.486695,"..","..","..","..","..","..","..","..","..","..","..","..","..","..","..","..","..","..","..","..",".."
"1994Q2",616.371201,641.944906,661.302872,626.304815,644.052643,"..","..","..","..","..","..","..","..","..","..","..","..","..","..","..","..","..","..","..","..",".."
"1994Q3",621.879980,648.364355,669.206891,635.020787,651.750482,"..","..","..","..","..","..","..","..","..","..","..","..","..","..","..","..","..","..","..","..",".."
"1994Q4",626.164586,656.067694,677.110909,643.114189,660.089810,"..","..","..","..","..","..","..","..","..","..","..","..","..","..","..","..","..","..","..","..",".."
"1995Q1",629.225020,665.696867,685.014928,651.207592,668.429137,"..","..","..","..","..","..","..","..","..","..","..","..","..","..","..","..","..","..","..","..",".."
"1995Q2",632.897539,672.116317,691.601610,658.055855,674.202517,"..","..","..","..","..","..","..","..","..","..","..","..","..","..","..","..","..","..","..","..",".."
"1995Q3",635.345886,672.116317,692.918946,661.168702,675.485490,"..","..","..","..","..","..","..","..","..","..","..","..","..","..","..","..","..","..","..","..",".."
"1995Q4",639.018405,675.967986,696.870955,664.281548,678.692924,"..","..","..","..","..","..","..","..","..","..","..","..","..","..","..","..","..","..","..","..",".."
"1996Q1",642.690924,677.893821,700.164296,668.016965,681.258871,"..","..","..","..","..","..","..","..","..","..","..","..","..","..","..","..","..","..","..","..",".."
"1996Q2",647.587617,683.671325,705.433641,673.620089,687.032251,"..","..","..","..","..","..","..","..","..","..","..","..","..","..","..","..","..","..","..","..",".."
"1996Q3",650.035964,686.881050,709.385651,677.355506,690.881172,"..","..","..","..","..","..","..","..","..","..","..","..","..","..","..","..","..","..","..","..",".."
"1996Q4",654.320569,691.374663,714.654997,681.713492,695.371578,"..","..","..","..","..","..","..","..","..","..","..","..","..","..","..","..","..","..","..","..",".."
"1997Q1",655.544743,688.164939,712.678992,678.600645,692.805631,"..","..","..","..","..","..","..","..","..","..","..","..","..","..","..","..","..","..","..","..",".."
"1997Q2",657.381002,688.164939,713.337660,679.223214,693.447117,"..","..","..","..","..","..","..","..","..","..","..","..","..","..","..","..","..","..","..","..",".."
"1997Q3",661.665609,691.374663,716.631002,682.336060,696.013065,"..","..","..","..","..","..","..","..","..","..","..","..","..","..","..","..","..","..","..","..",".."
"1997Q4",664.726042,695.226333,720.583010,686.694047,699.861985,"..","..","..","..","..","..","..","..","..","..","..","..","..","..","..","..","..","..","..","..",".."
"1998Q1",666.562302,695.226333,721.900347,686.071477,701.144958,"..","..","..","..","..","..","..","..","..","..","..","..","..","..","..","..","..","..","..","..",".."
"1998Q2",668.398562,698.436057,725.193688,689.184324,703.710905,"..","..","..","..","..","..","..","..","..","..","..","..","..","..","..","..","..","..","..","..",".."
"1998Q3",672.683168,701.645783,729.145696,691.052033,705.635366,"..","..","..","..","..","..","..","..","..","..","..","..","..","..","..","..","..","..","..","..",".."
"1998Q4",672.071081,695.868279,723.217684,684.203770,699.220498,"..","..","..","..","..","..","..","..","..","..","..","..","..","..","..","..","..","..","..","..",".."
"1999Q1",673.295254,692.658554,721.241678,680.468353,696.654552,"..","..","..","..","..","..","..","..","..","..","..","..","..","..","..","..","..","..","..","..",".."
"1999Q2",676.355687,693.300498,722.559015,683.581200,697.937525,667.205170,727.506427,666.666667,683.306056,668.261563,661.858974,653.418124,681.669394,682.487725,726.027397,697.194719,701.639344,689.935065,698.268755,689.683184,713.450292,674.493927,677.524430,697.751873,674.856675,724.196277
"1999Q3",679.061110,693.300498,724.004133,687.682687,700.729275,669.628433,729.220223,669.087974,684.942717,669.059011,665.865385,656.597774,684.124386,684.942717,727.739726,699.669967,702.459016,690.746753,700.741962,690.495532,715.121136,676.923077,679.967427,700.249792,677.313677,722.504230
"1999Q4",681.090178,695.380400,724.726692,690.417012,702.125150,671.243942,731.790917,671.509282,687.397709,668.261563,667.467949,658.187599,685.761047,687.397709,730.308219,701.320132,702.459016,691.558442,701.566364,690.495532,716.791980,678.542510,682.410423,701.915071,678.951679,724.196277
"2000Q1",685.148311,699.540203,731.229723,693.834918,706.312775,676.090468,736.075407,675.544794,691.489362,673.046252,672.275641,662.957075,689.852700,691.489362,734.589041,705.445545,705.737705,694.805195,703.215169,694.557271,718.462824,684.210526,686.482085,706.078268,683.865684,725.042301
"2000Q2",689.882801,705.086607,738.455313,699.987148,710.500400,680.936995,742.930591,681.194512,696.399345,677.033493,677.083333,668.521463,694.762684,696.399345,741.438356,710.396040,710.655738,698.863636,708.985985,698.619009,724.310777,687.449393,691.368078,709.408826,688.779689,731.810491
"2000Q3",700.028136,715.486114,750.738817,710.240867,718.177713,690.630048,754.927164,690.879742,706.219313,684.210526,686.698718,678.060413,704.582651,706.219313,753.424658,721.122112,717.213115,705.357143,715.581204,705.117790,730.994152,697.975709,701.140065,717.735221,699.426699,738.578680
"2000Q4",707.468049,724.499021,757.964407,717.760260,726.552963,698.707593,764.353042,698.143664,714.402619,690.590112,694.711538,686.009539,712.765957,715.220949,763.698630,729.372937,725.409836,713.474026,723.000824,713.241267,739.348371,705.263158,709.283388,726.061615,707.616708,747.038917
"2001Q1",706.791693,727.272223,757.241848,712.975191,724.459151,697.899838,767.780634,696.529459,713.584288,692.982456,693.910256,685.214626,711.947627,712.765957,766.267123,727.722772,727.868852,715.097403,721.352020,714.865963,736.842105,705.263158,708.469055,723.563697,710.892711,750.423012
"2001Q2",712.878894,734.205228,760.854643,719.127423,730.740589,703.554120,775.492716,702.179177,719.312602,695.374801,699.519231,690.779014,717.675941,719.312602,774.828767,734.323432,731.967213,719.155844,725.474031,718.927701,741.854637,709.311741,714.169381,730.224813,717.444717,756.345178
"2001Q3",716.937029,739.058332,763.744879,721.178166,734.230276,707.592892,780.634105,706.214689,723.404255,702.551834,704.326923,694.753577,721.767594,723.404255,779.965753,739.273927,737.704918,724.837662,729.596043,725.426483,746.031746,714.170040,717.426710,734.388010,721.539722,759.729272
"2001Q4",720.995163,742.524834,765.189997,723.228910,738.417901,710.823910,784.918595,710.250202,726.677578,707.336523,707.532051,697.933227,725.859247,726.677578,784.246575,742.574257,745.081967,731.331169,734.542457,731.112916,751.879699,717.408907,721.498371,738.551207,725.634726,766.497462
"2002Q1",725.053297,745.991337,767.357674,726.646815,741.907589,715.670436,788.346187,715.092817,730.769231,712.918660,711.538462,702.702703,729.950900,731.587561,787.671233,746.699670,749.180328,736.201299,738.664468,735.987002,755.221387,722.267206,725.570033,741.881765,729.729730,769.035533
"2002Q2",732.493209,754.310943,775.305823,736.216952,749.584902,722.940226,796.915167,722.356739,738.134206,716.905901,718.750000,709.856916,737.315876,738.952537,796.232877,754.125413,754.098361,741.883117,746.084089,740.861089,761.904762,728.744939,732.899023,750.208160,737.100737,776.649746
"2002Q3",735.874988,756.390844,780.363736,740.318439,752.376652,726.171244,799.485861,725.585149,741.407529,721.690590,721.955128,713.036566,740.589198,742.225859,797.945205,757.425743,758.196721,745.129870,750.206101,744.922827,766.081871,731.983806,735.342020,753.538718,740.376740,780.033841
"2002Q4",741.285833,761.243948,785.421649,746.470670,757.960152,731.825525,803.770351,731.234867,746.317512,725.677831,727.564103,717.806041,745.499182,747.135843,803.082192,762.376238,763.114754,750.811688,756.801319,750.609261,772.765246,735.222672,741.042345,758.534555,746.109746,786.802030
"2003Q1",743.991256,764.017149,787.589327,749.204995,760.751902,734.248788,805.484147,734.463277,748.772504,728.070175,729.967949,720.985692,747.954173,749.590835,804.794521,764.026403,764.754098,752.435065,758.450124,751.421608,774.436090,739.271255,744.299674,761.032473,748.566749,788.494078
"2003Q2",743.314901,764.017149,787.589327,749.888577,760.053964,734.248788,802.056555,733.656174,748.772504,732.057416,729.967949,720.985692,747.954173,748.772504,801.369863,763.201320,767.213115,754.870130,761.747733,753.858652,777.777778,739.271255,743.485342,761.032473,747.747748,791.878173
"2003Q3",746.696679,764.710450,787.589327,752.622901,762.845714,738.287561,801.199657,736.884584,752.045827,737.639553,733.173077,724.165342,751.227496,751.227496,800.513699,764.851485,767.213115,756.493506,763.396538,755.483347,777.777778,744.939271,745.928339,763.530391,750.204750,790.186125
"2003Q4",752.107524,769.563553,791.924680,759.458713,768.429215,743.134087,803.770351,742.534302,756.955810,744.019139,738.782051,729.729730,756.955810,756.955810,803.082192,768.976898,772.950820,762.175325,770.816158,761.982128,784.461153,749.797571,751.628664,769.358868,755.937756,796.954315
"2004Q1",755.489303,772.336755,795.537475,762.876619,771.220965,747.172859,805.484147,746.569814,759.410802,749.601276,741.987179,732.909380,759.410802,759.410802,804.794521,770.627063,775.409836,764.610390,772.464963,763.606824,786.131997,754.655870,754.885993,772.689425,759.213759,797.800338
"2004Q2",760.900148,777.883159,802.040506,769.028850,777.502403,752.827141,809.768638,752.219532,765.957447,753.588517,747.596154,740.063593,765.957447,765.139116,809.075342,776.402640,778.688525,768.668831,777.411377,768.480910,790.309106,760.323887,760.586319,778.517902,764.946765,802.030457
"2004Q3",765.634638,782.736263,808.543537,775.181080,780.992090,757.673667,813.196230,757.869249,770.049100,758.373206,752.403846,744.833068,770.049100,770.049100,812.500000,779.702970,782.786885,773.538961,783.182193,772.542648,796.157059,763.562753,763.843648,783.513739,769.860770,807.952623
"2004Q4",773.074550,788.975968,817.214246,782.700474,788.669403,764.943457,818.337618,764.326069,777.414075,763.955343,759.615385,751.987281,777.414075,777.414075,818.493151,786.303630,789.344262,780.844156,791.426216,780.666125,803.675856,768.421053,771.172638,790.174854,777.231777,815.566836
"2005Q1",776.456329,791.749169,821.549600,785.434799,791.461153,768.982229,820.908312,767.554479,780.687398,770.334928,763.621795,755.166932,779.869067,780.687398,820.205479,788.778878,793.442623,784.090909,793.899423,783.915516,806.182122,774.898785,775.244300,793.505412,780.507781,818.104907
"2005Q2",783.219886,798.682174,828.775190,793.637773,799.138466,775.444265,826.049700,774.818402,787.234043,775.917065,770.032051,762.321145,787.234043,786.415712,825.342466,794.554455,797.540984,788.961039,800.494641,788.789602,812.030075,781.376518,781.758958,800.166528,787.059787,824.027073
"2005Q3",792.012510,807.001780,838.168457,804.575072,808.211654,785.137318,834.618680,783.696529,796.235679,780.701754,778.846154,771.860095,796.235679,795.417349,833.904110,803.630363,803.278689,794.642857,806.265458,794.476036,817.878028,788.663968,790.716612,810.158201,796.068796,829.103215
"2005Q4",797.423355,812.548184,843.948929,810.043722,814.493092,790.791599,839.760069,789.346247,801.963993,785.486443,785.256410,777.424483,801.963993,801.145663,839.041096,808.580858,809.836066,801.136364,813.685078,800.974817,826.232247,792.712551,797.231270,815.986678,801.801802,836.717428
"2006Q1",801.481489,816.707988,849.006843,814.145209,819.378654,794.830372,843.187661,794.188862,806.055646,791.866029,789.262821,782.193959,806.055646,805.237316,842.465753,812.706271,812.295082,804.383117,816.158285,804.224208,827.067669,799.190283,801.302932,820.149875,806.715807,837.563452
"2006Q2",814.332248,829.187396,859.845228,828.500414,832.639467,807.754443,856.898029,807.102502,818.330606,797.448166,801.282051,794.912560,818.330606,818.330606,856.164384,825.082508,819.672131,811.688312,824.402308,812.347685,835.421888,809.716599,814.332248,832.639467,819.000819,846.023689
"2006Q3",820.032573,834.991708,865.004299,831.814416,837.635304,813.408724,860.325621,811.945117,824.058920,806.220096,806.891026,800.476948,824.058920,824.058920,859.589041,830.033003,825.409836,818.181818,828.524320,818.034119,838.763576,815.384615,819.218241,838.467943,824.733825,849.407783
"2006Q4",818.403909,833.333333,863.284609,829.328915,835.970025,812.600969,856.041131,811.138015,823.240589,811.004785,805.288462,798.092210,822.422259,821.603928,855.308219,828.382838,831.967213,823.863636,835.119538,823.720552,845.446951,812.145749,817.589577,836.802664,823.095823,857.021997
"2007Q1",822.475570,836.650083,867.583835,831.814416,839.300583,816.639742,859.468723,815.980630,826.513912,815.789474,809.294872,802.861685,825.695581,825.695581,858.732877,831.683168,835.245902,827.922078,838.417148,827.782291,847.953216,817.004049,821.661238,840.133222,826.371826,859.560068
"2007Q2",830.618893,844.112769,876.182287,840.927920,847.626978,824.717286,867.180805,823.244552,833.878887,821.371611,817.307692,812.400636,833.878887,833.878887,866.438356,839.933993,840.163934,832.792208,843.363561,832.656377,852.965748,825.910931,829.804560,848.459617,834.561835,863.790186
"2007Q3",835.504886,849.917081,883.061049,844.241922,851.790175,829.563813,868.894602,828.087167,840.425532,826.156300,822.115385,817.170111,839.607201,837.970540,868.150685,844.059406,843.442623,836.850649,845.836768,837.530463,854.636591,829.959514,833.876221,853.455454,839.475839,867.174281
"2007Q4",845.276873,859.867330,893.379192,853.355427,862.614488,839.256866,879.177378,838.579500,850.245499,832.535885,832.532051,826.709062,850.245499,848.608838,879.280822,853.135314,850.819672,844.967532,852.431987,844.841592,861.319967,837.246964,843.648208,863.447127,849.303849,873.942470
"2008Q1",850.977199,865.671642,900.257954,857.497929,868.442964,845.718901,885.175664,845.036320,856.792144,838.118022,838.141026,834.658188,855.155483,854.337152,884.417808,859.735974,854.918033,849.025974,854.080791,849.715678,862.155388,845.344130,850.162866,869.275604,855.036855,874.788494
"2008Q2",864.006515,879.767828,914.015477,869.925435,882.597835,859.450727,899.742931,858.757062,870.703764,845.295056,851.762821,848.966614,869.067103,868.248773,898.972603,872.937294,861.475410,856.331169,858.202803,857.839155,865.497076,858.299595,864.006515,882.597835,868.959869,877.326565
"2008Q3",877.850163,892.205638,927.773001,879.038940,896.752706,873.182553,913.453299,872.477805,883.797054,858.054226,865.384615,863.275040,882.978723,882.160393,913.527397,886.963696,872.950820,867.694805,865.622424,869.212023,872.180451,870.445344,877.035831,896.752706,882.882883,882.402707
"2008Q4",872.964169,886.401327,923.473775,870.753935,891.756869,868.336026,905.741217,867.635190,878.887070,865.231260,861.378205,856.915739,878.068740,877.250409,905.821918,882.013201,881.147541,875.811688,873.042045,876.523152,878.863826,864.777328,872.149837,892.589509,877.968878,889.170897
"2009Q1",875.407166,888.059701,920.034394,871.582436,893.422148,871.567044,908.311911,870.056497,881.342062,870.813397,863.782051,860.095390,879.705401,878.887070,908.390411,884.488449,884.426230,879.870130,874.690849,878.960195,880.534670,870.445344,874.592834,894.254788,880.425880,890.862944
"2009Q2",881.107492,893.034826,919.174549,875.724938,898.417985,875.605816,914.310197,874.899112,886.252046,875.598086,868.589744,866.454690,885.433715,883.797054,914.383562,890.264026,888.524590,883.928571,877.988458,883.021933,883.876358,879.352227,879.478827,899.250624,886.158886,893.401015
"2009Q3",891.693811,902.985075,925.193465,885.666943,909.242298,887.722132,927.163668,886.198547,896.890344,883.572568,879.807692,877.583466,896.072013,895.253682,927.226027,901.815182,899.180328,894.480519,887.056884,893.582453,893.901420,888.259109,890.065147,910.907577,897.624898,901.015228
"2009Q4",890.879479,901.326700,920.034394,888.980944,908.409659,885.298869,924.592973,885.391445,895.253682,879.585327,879.006410,875.993641,895.253682,893.617021,925.513699,900.165017,898.360656,893.668831,891.178895,892.770106,898.078530,884.210526,889.250814,910.074938,895.986896,905.245347
"2010Q1",894.136808,903.814262,920.894239,890.637945,910.907577,888.529887,928.020566,888.619855,898.527005,881.180223,882.211538,880.763116,896.890344,897.708674,928.938356,903.465347,898.360656,893.668831,889.530091,893.582453,895.572264,889.068826,891.693811,912.572856,899.262899,901.861252
"2010Q2",895.765472,905.472637,920.894239,894.780447,910.907577,890.145396,928.877464,891.041162,899.345336,883.572568,883.814103,883.147854,899.345336,899.345336,929.794521,905.115512,899.180328,894.480519,892.827700,894.394801,898.913952,890.688259,893.322476,912.572856,900.081900,905.245347
"2010Q3",906.351792,912.935323,931.212382,902.236951,920.066611,901.453958,939.160240,901.533495,909.983633,893.939394,894.230769,894.276630,909.165303,909.983633,940.068493,915.841584,909.836066,905.844156,901.896125,905.767669,906.432749,901.214575,903.094463,922.564530,911.547912,910.321489
"2010Q4",926.710098,934.494196,950.988822,923.777962,941.715237,923.263328,962.296487,922.518160,929.623568,910.685805,915.064103,913.354531,930.441899,931.260229,963.184932,936.468647,928.688525,924.512987,920.032976,924.451665,925.647452,919.838057,924.267101,943.380516,933.660934,928.934010
"2011Q1",934.853420,941.956882,957.867584,930.405965,947.543714,931.340872,971.722365,931.396287,937.806874,915.470494,923.076923,923.688394,937.806874,939.443535,972.602740,944.719472,931.967213,927.759740,920.857378,927.701056,926.482874,930.364372,932.410423,949.208993,941.850942,928.934010
"2011Q2",943.811075,951.077944,963.886500,939.519470,958.368027,940.226171,981.148243,940.274415,946.808511,921.850080,932.692308,933.227345,946.808511,948.445172,982.020548,953.795380,938.524590,934.253247,927.452597,935.824533,931.495405,938.461538,942.182410,959.200666,950.859951,934.856176
"2011Q3",947.068404,954.394693,965.606191,940.347970,960.865945,944.264943,983.718937,943.502825,950.081833,927.432217,937.500000,937.201908,950.081833,951.718494,984.589041,957.095710,944.262295,939.935065,930.750206,940.698619,934.837093,942.510121,945.439739,962.531224,954.135954,937.394247
"2011Q4",944.625407,951.077944,962.166810,941.176471,958.368027,941.033926,979.434447,941.888620,946.808511,921.850080,935.897436,934.022258,947.626841,948.445172,980.308219,954.620462,940.983607,936.688312,931.574608,937.449228,936.507937,938.461538,942.996743,960.033306,950.859951,938.240271
"2012Q1",948.697068,955.223881,965.606191,946.975973,960.033306,945.880452,983.718937,945.924132,951.718494,926.634769,940.705128,941.971383,951.718494,952.536825,984.589041,958.745875,944.262295,939.935065,934.872218,940.698619,940.685046,945.748988,946.254072,961.698585,954.954955,941.624365
"2012Q2",951.954397,956.882255,967.325881,950.289975,962.531224,949.111470,984.575835,949.152542,954.991817,929.824561,944.711538,945.151033,954.991817,954.991817,985.445205,962.046205,945.901639,943.181818,938.994229,943.948010,942.355890,948.178138,949.511401,965.029142,958.230958,943.316413
"2012Q3",955.211726,958.540630,969.045572,951.118476,965.861782,952.342488,986.289632,952.380952,957.446809,934.609250,947.916667,948.330684,957.446809,957.446809,986.301370,964.521452,949.180328,946.428571,940.643034,947.197400,944.026734,950.607287,951.954397,967.527061,960.687961,943.316413
"2012Q4",953.583062,956.882255,966.466036,953.603977,964.196503,950.726979,982.005141,951.573850,954.991817,932.216906,947.115385,946.740859,955.810147,955.810147,982.876712,962.871287,948.360656,945.616883,943.940643,946.385053,946.532999,947.368421,951.140065,965.861782,959.049959,946.700508
"2013Q1",957.654723,960.199005,969.045572,956.917978,965.861782,955.573506,986.289632,956.416465,958.265139,937.799043,951.923077,952.305246,959.901800,959.901800,986.301370,966.171617,951.639344,948.863636,946.413850,949.634444,949.874687,953.846154,954.397394,967.527061,962.325962,948.392555
"2013Q2",958.469055,960.199005,969.905417,958.574979,967.527061,957.189015,984.575835,957.223567,959.901800,940.988836,953.525641,953.895072,960.720131,960.720131,984.589041,966.996700,954.098361,952.110390,949.711459,952.883834,951.545530,955.465587,956.840391,969.192340,963.963964,950.084602
"2013Q3",967.426710,968.490879,977.644024,965.202983,976.686095,966.882068,993.144816,966.908797,968.903437,948.165869,963.141026,962.639110,969.721768,969.721768,994.006849,976.072607,959.836066,958.603896,953.009068,959.382616,955.722640,964.372470,965.798046,978.351374,972.972973,952.622673
"2013Q4",968.241042,969.320066,978.503869,969.345485,978.351374,967.689822,993.144816,967.715900,969.721768,948.963317,963.942308,962.639110,971.358429,970.540098,993.150685,976.897690,963.114754,961.038961,959.604287,961.819659,962.406015,962.753036,966.612378,979.184013,973.791974,960.236887
"2014Q1",971.498371,972.636816,981.083405,972.659486,979.184013,970.920840,994.858612,970.944310,972.176759,952.950558,967.147436,966.613672,972.995090,972.995090,994.863014,979.372937,966.393443,964.285714,962.901896,964.256702,965.747703,967.611336,970.684039,979.184013,976.248976,962.774958
"2014Q2",974.755700,973.466003,985.382631,974.316487,982.514571,974.151858,994.858612,973.365617,975.450082,956.937799,970.352564,971.383148,976.268412,976.268412,995.719178,981.848185,968.032787,967.532468,964.550701,967.506093,964.912281,971.659919,973.941368,982.514571,979.524980,961.928934
"2014Q3",978.013029,975.953566,989.681857,978.458989,985.845129,977.382876,996.572408,977.401130,978.723404,960.127592,974.358974,974.562798,979.541735,979.541735,996.575342,985.148515,970.491803,969.967532,967.848310,970.755483,969.089390,974.089069,977.198697,985.845129,981.981982,964.467005
"2014Q4",976.384365,974.295191,989.681857,977.630489,984.179850,975.767367,992.287918,975.786925,976.268412,960.127592,973.557692,972.178060,977.905074,977.086743,993.150685,981.848185,972.131148,971.590909,971.145919,971.567831,972.431078,970.040486,975.570033,984.179850,979.524980,968.697124
"2015Q1",973.941368,971.807629,987.962167,973.487987,978.351374,974.151858,988.860326,974.172720,974.631751,966.507177,971.153846,970.588235,975.450082,975.450082,988.869863,980.198020,976.229508,975.649351,973.619126,974.817222,975.772765,971.659919,973.127036,979.184013,977.067977,970.389171
"2015Q2",978.013029,975.953566,992.261393,978.458989,982.514571,977.382876,992.287918,978.208232,978.723404,968.102073,975.961538,975.357711,979.541735,979.541735,992.294521,983.498350,976.229508,975.649351,974.443528,975.629569,975.772765,975.708502,977.198697,983.347211,981.162981,970.389171
"2015Q3",981.270358,981.757877,993.981083,980.944490,985.845129,981.421648,992.287918,981.436642,981.996727,974.481659,979.967949,977.742448,982.815057,981.996727,993.150685,985.973597,978.688525,978.084416,976.092333,978.066613,977.443609,978.137652,980.456026,986.677769,983.619984,975.465313
"2015Q4",976.384365,976.782753,987.102322,980.115990,981.681932,975.767367,984.575835,976.594027,977.086743,971.291866,975.160256,972.972973,977.905074,977.086743,984.589041,981.023102,977.868852,976.461039,979.389942,976.441917,980.785297,973.279352,976.384365,981.681932,977.886978,979.695431
"2016Q1",978.013029,978.441128,987.102322,979.287490,980.849292,978.190630,984.575835,977.401130,978.723404,978.468900,976.762821,975.357711,978.723404,978.723404,985.445205,981.848185,983.606557,982.142857,983.511954,981.316003,985.797828,977.327935,978.013029,980.849292,979.524980,983.925550
"2016Q2",982.899023,981.757877,988.822012,983.429992,985.012490,982.229402,987.146530,982.243745,982.815057,981.658692,980.769231,980.922099,982.815057,982.815057,987.157534,985.148515,984.426230,983.766234,985.160758,983.753046,985.797828,981.376518,982.084691,985.012490,983.619984,984.771574
"2016Q3",985.342020,985.903814,989.681857,986.743993,988.343047,985.460420,987.146530,984.665052,986.088380,988.038278,984.775641,983.306836,986.088380,986.088380,988.013699,987.623762,988.524590,987.824675,989.282770,987.814785,989.974937,985.425101,985.342020,988.343047,986.076986,989.847716
"2016Q4",990.228013,990.049751,992.261393,995.028998,993.338884,989.499192,991.431020,989.507667,990.180033,988.038278,989.583333,987.281399,990.998363,990.180033,992.294521,991.749175,990.983607,991.071429,995.877988,990.251828,996.658312,987.854251,990.228013,992.506245,990.990991,996.615905
"2017Q1",999.185668,1000.000000,1000.000000,1001.657001,1000.000000,999.192246,1001.713796,999.192897,999.181669,997.607656,999.198718,998.410175,1000.000000,999.181669,1002.568493,1000.825083,999.180328,998.376623,1000.000000,998.375305,1001.670844,1000.000000,999.185668,999.167361,1000.000000,1000.846024
"2017Q2",1000.000000,1000.000000,1000.000000,1000.000000,1000.000000,1000.000000,1000.000000,1000.000000,1000.000000,1000.000000,1000.000000,1000.000000,1000.000000,1000.000000,1000.000000,1000.000000,1000.000000,1000.000000,1000.000000,1000.000000,1000.000000,1000.000000,1000.000000,1000.000000,1000.000000,1000.000000
"2017Q3",1004.885993,1004.145937,1004.299226,1003.314002,1004.995837,1004.846527,1002.570694,1004.842615,1004.909984,1007.177033,1005.608974,1005.564388,1004.909984,1004.091653,1003.424658,1004.950495,1006.557377,1005.681818,1004.946414,1005.686434,1005.012531,1005.668016,1004.071661,1004.995837,1004.914005,1004.230118
"2017Q4",1006.000000,1006.000000,1005.000000,1009.000000,1007.000000,1007.000000,1003.000000,1007.000000,1006.000000,1004.000000,1007.000000,1006.000000,1006.000000,1005.000000,1003.000000,1005.000000,1005.000000,1005.000000,1007.000000,1005.000000,1008.000000,1005.000000,1006.000000,1006.000000,1006.000000,1007.000000
"2018Q1",1012.000000,1012.000000,1010.000000,1014.000000,1009.000000,1013.000000,1008.000000,1012.000000,1012.000000,1010.000000,1013.000000,1012.000000,1013.000000,1010.000000,1008.000000,1011.000000,1009.000000,1009.000000,1011.000000,1009.000000,1011.000000,1013.000000,1012.000000,1009.000000,1011.000000,1012.000000
"2018Q2",1015.000000,1015.000000,1013.000000,1017.000000,1012.000000,1016.000000,1010.000000,1016.000000,1015.000000,1014.000000,1017.000000,1017.000000,1016.000000,1013.000000,1010.000000,1014.000000,1010.000000,1011.000000,1012.000000,1011.000000,1011.000000,1015.000000,1014.000000,1012.000000,1014.000000,1012.000000
"2018Q3",1024.000000,1023.000000,1021.000000,1026.000000,1021.000000,1025.000000,1018.000000,1024.000000,1024.000000,1020.000000,1027.000000,1026.000000,1025.000000,1023.000000,1018.000000,1022.000000,1016.000000,1017.000000,1018.000000,1018.000000,1017.000000,1024.000000,1024.000000,1021.000000,1023.000000,1017.000000
"2018Q4",1025.000000,1025.000000,1022.000000,1031.000000,1024.000000,1027.000000,1018.000000,1026.000000,1026.000000,1020.000000,1028.000000,1025.000000,1027.000000,1024.000000,1018.000000,1023.000000,1018.000000,1019.000000,1024.000000,1020.000000,1023.000000,1024.000000,1026.000000,1023.000000,1024.000000,1023.000000
"2019Q1",1026.000000,1025.000000,1021.000000,1030.000000,1021.000000,1028.000000,1017.000000,1028.000000,1026.000000,1027.000000,1029.000000,1027.000000,1027.000000,1024.000000,1017.000000,1024.000000,1023.000000,1023.000000,1026.000000,1024.000000,1026.000000,1027.000000,1026.000000,1022.000000,1025.000000,1025.000000
"2019Q2",1032.000000,1031.000000,1026.000000,1035.000000,1027.000000,1034.000000,1022.000000,1032.000000,1032.000000,1033.000000,1035.000000,1034.000000,1033.000000,1029.000000,1023.000000,1029.000000,1026.000000,1026.000000,1029.000000,1027.000000,1028.000000,1032.000000,1032.000000,1027.000000,1030.000000,1027.000000
"2019Q3",1039.000000,1037.000000,1030.000000,1041.000000,1034.000000,1041.000000,1028.000000,1040.000000,1039.000000,1040.000000,1043.000000,1041.000000,1040.000000,1037.000000,1028.000000,1036.000000,1034.000000,1034.000000,1035.000000,1035.000000,1035.000000,1040.000000,1039.000000,1035.000000,1037.000000,1032.000000
"Table information:"
"Units:"
"Index, Magnitude = Units"
""
"Footnotes:"
"From the September 1999 quarter residential sections are excluded."
"Prior to the September 1999 quarter credit services comprised mortgage interest, all hire purchase and generalised credit charges. From the September 1999 quarter credit services comprise financial and credit service charges. Interest is excluded."
"Prior to the September 1995 quarter central and local government charges comprised Housing New Zealand and local authority rents, local authority rates, electricity, TV licence, motor vehicle relicensing and registration, and prescription charges."
"From the September 1995 quarter the definition of central and local government charges changed to include all of the above charges plus postal charges, government credit card charges, tertiary fees, secondary and primary school donations,"
"public hospital charges, medical general practitioners' fees and oral contraceptives. From the June 1999 quarter the definition of central and local government charges changed to include all of the above charges plus driver licensing fees."
"Percentage changes are calculated from index numbers which are unrounded prior to the June 2017 quarter."
"Base: June 2017 quarter (=1000)."
"Vehicle fuels comprises the petrol class (91 octane, 95/98 octane) and diesel from within the other vehicle fuels and lubricants class."
" "
"Symbols:"
".. figure not available"
"C: Confidential"
"E: Early Estimate"
"P: Provisional"
"R: Revised"
"S: Suppressed"
""
"Status flags are not displayed"
""
"Table reference: "
"CPI017AA"
""
"Last updated:"
"16 October 2019 10:45am"
""
"Source: Statistics New Zealand"
"Contact: Information Centre"
"Telephone: 0508 525 525"
"Email:info@stats.govt.nz"
""
""
""
