"(DISC) Estimated De Facto Population by Age and Sex (1936-95) (Annual-Dec)","","","","","","","","","","","","","","","","","","","","","","","","","","","","","","","","","","","","","","","","","","","","","","","","","","","","","","","","","","","","","","","","","","","","","","","","","","","","","","","","","","","","","","","","","","","","","","","","","","","","","","","","","","","","","","","","","","","","","","","","","","","","","","","","","","","","","","","","","","","","","","","","","","","","","","","","","","","","","","","","","","","","","","","","","","","","","","","","","","","","","",""
"","As at","","","","","","","","","","","","","","","","","","","","","","","","","","","","","","","","","","","","","","","","","","","","","","","","","","","","","","","","","","","","","","","","","","","","","","","","","","","","","","","","","","","","","","","","","","","","","","","","","","","","","","","","","","","","","","","","","","","","","","","","","","","","","","","","","","","","","","","","","","","","","","","","","","","","","","","","","","","","","","","","","","","","","","","","","","","","","","","","","","","","",""
" ","Male","","","","","","","","","","","","","","","","","","","","","","","","","","","","","","","","","","","","","","","","","","","","","","","","","","","","","","","","","","","","","","","","","","","","","","","","","","","","","","","","","","","","","","","","","","","Female","","","","","","","","","","","","","","","","","","","","","","","","","","","","","","","","","","","","","","","","","","","","","","","","","","","","","","","","","","","","","","","","","","","","","","","","","","","","","","","","","","","","","","","","","",""
" ","0 Years","1 Years","2 Years","3 Years","4 Years","5 Years","6 Years","7 Years","8 Years","9 Years","10 Years","11 Years","12 Years","13 Years","14 Years","15 Years","16 Years","17 Years","18 Years","19 Years","20 Years","21 Years","22 Years","23 Years","24 Years","25 Years","26 Years","27 Years","28 Years","29 Years","30 Years","31 Years","32 Years","33 Years","34 Years","35 Years","36 Years","37 Years","38 Years","39 Years","40 Years","41 Years","42 Years","43 Years","44 Years","45 Years","46 Years","47 Years","48 Years","49 Years","50 Years","51 Years","52 Years","53 Years","54 Years","55 Years","56 Years","57 Years","58 Years","59 Years","60 Years","61 Years","62 Years","63 Years","64 Years","65 Years","66 Years","67 Years","68 Years","69 Years","70 Years","71 Years","72 Years","73 Years","74 Years","75 Years","76 Years","77 Years","78 Years","79 Years","80 Years","81 Years","82 Years","83 Years","84 Years","85 Years","86 Years","87 Years","88 Years","89 Years","90 Years and over","0 Years","1 Years","2 Years","3 Years","4 Years","5 Years","6 Years","7 Years","8 Years","9 Years","10 Years","11 Years","12 Years","13 Years","14 Years","15 Years","16 Years","17 Years","18 Years","19 Years","20 Years","21 Years","22 Years","23 Years","24 Years","25 Years","26 Years","27 Years","28 Years","29 Years","30 Years","31 Years","32 Years","33 Years","34 Years","35 Years","36 Years","37 Years","38 Years","39 Years","40 Years","41 Years","42 Years","43 Years","44 Years","45 Years","46 Years","47 Years","48 Years","49 Years","50 Years","51 Years","52 Years","53 Years","54 Years","55 Years","56 Years","57 Years","58 Years","59 Years","60 Years","61 Years","62 Years","63 Years","64 Years","65 Years","66 Years","67 Years","68 Years","69 Years","70 Years","71 Years","72 Years","73 Years","74 Years","75 Years","76 Years","77 Years","78 Years","79 Years","80 Years","81 Years","82 Years","83 Years","84 Years","85 Years","86 Years","87 Years","88 Years","89 Years","90 Years and over"
1936,13790,12920,13080,13220,13540,14210,14320,14150,14260,14590,14740,14740,14760,14860,14860,15250,15020,13800,13680,14150,14680,14400,14430,14310,14190,13990,13800,13620,13380,13120,12780,12410,11940,11630,11520,11300,10950,10760,10450,9910,9500,9400,9160,9000,9010,9070,9120,9360,9560,9610,9600,9650,9520,9320,9210,9110,8750,8530,8220,7730,7180,6780,6360,5950,5600,5330,5030,4660,4280,3880,3470,3170,2870,2540,2300,2120,1870,1660,1510,1320,1320,890,860,700,600,530,430,270,210,140,460,13540,12350,12400,12690,12950,13390,13870,13700,13700,13800,14030,14180,14140,14080,14280,14620,14180,13350,13140,13810,14170,13880,14040,13890,13750,13530,13260,12990,12780,12540,12170,11820,11390,11070,10950,10820,10590,10620,10550,10330,10130,10130,9930,9740,9650,9580,9460,9560,9550,9500,9340,9230,8990,8790,8530,8420,8090,7820,7530,7200,6690,6340,5970,5570,5290,5090,4760,4480,4150,3780,3440,3170,2890,2610,2370,2170,1930,1710,1500,1290,1300,860,790,680,620,520,420,340,250,160,580
1937,14980,13400,12850,13070,13200,13540,14200,14310,14130,14250,14580,14730,14750,14770,14850,14850,15240,15030,13800,13660,14130,14660,14390,14420,14330,14210,13990,13850,13670,13400,13170,12820,12420,11960,11660,11540,11320,10970,10750,10440,9900,9490,9380,9140,8970,8980,9050,9090,9320,9490,9510,9510,9590,9410,9220,9110,9010,8620,8400,8080,7570,7040,6650,6200,5780,5420,5170,4870,4470,4100,3700,3290,2990,2710,2380,2110,1940,1710,1500,1350,1340,910,880,710,610,540,440,280,210,140,470,14440,13260,12320,12390,12660,12940,13380,13870,13700,13700,13800,14040,14200,14140,14070,14290,14600,14160,13320,13120,13790,14140,13830,13980,13860,13740,13510,13230,12960,12770,12550,12130,11790,11350,11050,10950,10810,10580,10610,10540,10290,10100,10100,9860,9690,9620,9530,9410,9520,9510,9460,9290,9170,8910,8690,8430,8330,8010,7740,7430,7080,6570,6250,5880,5460,5150,4940,4650,4360,4020,3630,3290,3010,2740,2480,2220,2020,1780,1570,1370,1330,880,800,710,630,530,430,340,250,160,610
1938,15400,14430,13270,12800,13040,13170,13520,14180,14280,14120,14240,14560,14720,14750,14770,14850,14850,15250,15000,13760,13640,14130,14700,14430,14460,14360,14290,14080,13890,13710,13450,13210,12860,12440,11970,11680,11570,11350,10960,10740,10450,9880,9470,9370,9120,8950,8960,9020,9060,9270,9430,9450,9440,9490,9310,9080,8970,8880,8470,8220,7890,7410,6900,6480,6030,5600,5240,5000,4680,4250,3870,3520,3110,2800,2510,2190,1930,1780,1550,1350,1210,1010,860,730,610,550,440,280,210,140,470,14750,14030,13160,12280,12370,12640,12910,13360,13850,13690,13680,13780,14030,14180,14120,14060,14270,14590,14140,13290,13090,13750,14090,13810,13970,13850,13710,13490,13230,12960,12800,12560,12140,11780,11340,11040,10930,10790,10560,10560,10500,10260,10050,10050,9810,9630,9560,9480,9330,9450,9420,9370,9210,9060,8820,8600,8330,8200,7860,7610,7320,6980,6460,6110,5770,5330,5000,4810,4490,4210,3870,3480,3140,2860,2570,2290,2060,1880,1610,1420,1340,900,820,710,650,540,440,350,260,160,600
1939,16460,14960,14370,13260,12800,13040,13170,13540,14200,14320,14160,14270,14600,14760,14780,14810,14890,14880,15230,15020,13770,13650,14180,14750,14520,14560,14450,14370,14190,14040,13810,13540,13300,12920,12490,11990,11690,11570,11360,10980,10740,10440,9870,9440,9350,9080,8900,8900,8970,9000,9210,9370,9380,9340,9390,9200,8980,8840,8720,8300,8070,7760,7250,6710,6280,5830,5410,5060,4790,4460,4060,3690,3330,2910,2600,2310,2000,1760,1590,1370,1220,1050,880,720,610,540,430,280,210,140,450,15830,14440,13980,13150,12290,12380,12670,12940,13360,13860,13710,13730,13840,14050,14180,14140,14070,14280,14600,14160,13320,13130,13790,14130,13860,14030,13890,13750,13540,13290,13010,12850,12620,12160,11800,11370,11090,10960,10840,10590,10590,10510,10270,10070,10060,9790,9600,9530,9450,9300,9410,9400,9330,9160,9010,8770,8550,8280,8120,7760,7530,7220,6880,6350,5990,5660,5220,4900,4690,4340,4050,3720,3340,3000,2720,2420,2140,1910,1730,1470,1310,1090,880,690,600,530,440,350,260,160,580
1940,18440,16240,14910,14360,13260,12810,13050,13200,13550,14210,14330,14180,14310,14620,14770,14790,14740,14770,14640,14750,13960,11320,10490,11380,12260,12300,12560,12730,12820,12770,12810,12670,12440,12250,11950,11600,11300,11200,11120,10900,10550,10420,10230,9700,9310,9230,8980,8820,8820,8880,8910,9120,9260,9250,9210,9250,9080,8830,8670,8550,8120,7910,7600,7090,6560,6110,5640,5210,4850,4590,4270,3880,3510,3140,2710,2400,2110,1820,1600,1450,1240,1060,940,760,600,530,430,270,210,140,430,17560,15650,14400,13970,13160,12310,12370,12670,12950,13390,13880,13740,13750,13850,14060,14190,14140,14060,14280,14580,14130,13300,13090,13750,14100,13820,14000,13860,13720,13510,13270,13000,12830,12610,12180,11790,11360,11070,10950,10830,10590,10570,10500,10260,10030,10010,9760,9570,9500,9420,9260,9360,9330,9270,9090,8930,8670,8450,8190,8010,7650,7420,7100,6750,6200,5830,5500,5080,4740,4540,4190,3890,3570,3170,2840,2560,2270,1980,1760,1590,1350,1130,970,770,580,520,440,340,260,160,560
1941,19530,18130,16150,14860,14330,13230,12790,13040,13190,13540,14210,14320,14170,14300,14610,14750,14780,14740,14690,14310,14120,12050,8250,7750,9130,10220,10510,10970,11370,11740,11810,11950,11930,11800,11690,11410,11130,10950,10810,10710,10540,10320,10360,10160,9610,9230,9170,8900,8730,8740,8800,8830,9000,9150,9150,9090,9130,8920,8660,8510,8380,7940,7730,7390,6880,6360,5910,5440,5000,4630,4370,4060,3670,3280,2920,2510,2190,1910,1650,1430,1290,1090,930,800,630,480,370,270,210,200,400,18600,17310,15570,14360,13950,13150,12300,12390,12670,12940,13390,13870,13730,13750,13840,14050,14180,14120,14050,14260,14550,14090,13270,13050,13690,14010,13730,13910,13770,13640,13440,13230,12950,12780,12580,12150,11780,11330,11050,10920,10810,10560,10540,10470,10230,9990,9960,9700,9520,9440,9340,9200,9300,9280,9190,9010,8850,8590,8370,8070,7880,7530,7290,6960,6610,6060,5680,5360,4940,4580,4350,4000,3720,3370,2990,2640,2370,2110,1810,1600,1440,1180,1010,860,660,560,400,310,250,180,500
1942,18860,19240,18030,16100,14840,14310,13200,12770,13040,13180,13540,14190,14310,14160,14280,14600,14730,14780,14690,14440,13880,11900,8780,6370,6730,8260,9360,9650,10160,10610,11050,11160,11380,11440,11400,11400,11220,11050,10850,10670,10610,10530,10410,10420,10170,9610,9220,9140,8880,8690,8690,8740,8760,8920,9050,9030,8980,8990,8780,8500,8340,8230,7770,7520,7170,6650,6130,5710,5230,4760,4390,4160,3860,3440,3030,2660,2270,1970,1690,1440,1250,1110,930,770,650,460,360,260,210,180,380,18050,18390,17230,15530,14330,13930,13130,12290,12360,12650,12940,13380,13870,13720,13740,13830,14060,14170,14120,14050,14250,14530,14070,13250,13030,13670,13990,13720,13890,13730,13620,13400,13210,12940,12770,12560,12120,11740,11320,11020,10900,10770,10520,10500,10450,10190,9940,9910,9660,9470,9370,9290,9120,9230,9180,9100,8910,8740,8480,8250,7950,7770,7400,7130,6790,6450,5890,5520,5190,4760,4390,4160,3810,3500,3160,2800,2460,2180,1920,1630,1420,1280,1030,840,720,540,380,300,240,170,470
1943,17450,18580,19140,17970,16040,14800,14290,13180,12750,13020,13160,13520,14190,14290,14120,14250,14570,14610,14500,13950,13410,12550,9500,6290,4960,6440,8450,9310,9550,9990,10380,10750,10850,11120,11180,11120,11140,11030,11010,10860,10560,10450,10460,10440,10450,10130,9560,9170,9090,8830,8620,8620,8670,8680,8830,8930,8910,8850,8850,8610,8340,8190,8050,7550,7310,6940,6410,5890,5440,4990,4540,4180,3940,3620,3200,2810,2460,2080,1790,1500,1270,1080,970,790,650,470,360,260,210,190,380,16340,17810,18290,17170,15490,14310,13910,13120,12260,12350,12630,12920,13370,13850,13710,13730,13810,14030,14140,14090,14030,14230,14490,14040,13200,12960,13590,13930,13670,13820,13670,13560,13350,13150,12890,12720,12520,12070,11700,11270,10970,10850,10730,10470,10460,10400,10130,9890,9850,9600,9400,9310,9210,9060,9140,9100,9010,8800,8630,8360,8120,7820,7630,7240,6970,6620,6270,5720,5330,5010,4570,4210,3990,3610,3290,2970,2610,2270,1980,1730,1430,1250,1140,890,710,550,390,290,240,180,480
1944,18870,17210,18490,19080,17940,16040,14790,14280,13190,12750,13020,13170,13550,14220,14330,14150,14230,14530,14400,13680,12890,12010,10450,9010,7660,6400,7980,9880,10580,10730,11140,11580,11720,11740,11920,11860,11740,11700,11460,11430,11230,10860,10720,10620,10520,10500,10130,9540,9140,9050,8780,8560,8540,8570,8580,8730,8820,8800,8720,8710,8460,8170,8010,7850,7330,7080,6720,6180,5640,5190,4760,4330,3960,3670,3370,2970,2580,2250,1870,1590,1320,1100,950,830,650,470,360,260,210,190,380,18090,16170,17760,18250,17140,15490,14310,13920,13130,12260,12360,12650,12950,13390,13880,13730,13750,13840,14010,14130,14060,14000,14190,14440,13980,13150,12930,13570,13910,13660,13800,13670,13550,13320,13140,12850,12680,12490,12050,11680,11250,10940,10820,10690,10440,10420,10360,10090,9830,9800,9530,9340,9250,9150,8970,9070,9020,8910,8710,8530,8260,8010,7720,7490,7100,6810,6460,6110,5540,5150,4810,4390,4040,3790,3420,3090,2770,2420,2090,1820,1540,1280,1120,1000,780,570,400,310,250,180,500
1945,20240,18420,16920,17670,18460,17680,15790,14830,14150,13700,13350,13300,13200,13400,14140,14130,13960,14040,14160,14010,13660,12180,10410,10140,11230,12520,11570,11710,12410,12870,12930,13130,13020,12920,12800,13100,12770,12670,12420,12240,12190,11380,11220,10910,10730,11750,10280,9540,9260,9060,8970,7980,8310,8320,8360,8500,8410,8520,8520,8610,8580,8030,7820,7860,7610,7850,6950,6350,5990,5590,5160,4250,3920,3800,3380,3340,2590,2310,1920,1690,1490,1050,1020,790,690,580,450,330,260,240,480,19500,17510,16040,17200,18010,17030,15460,14560,13850,13310,12710,12540,12750,12860,13550,13720,13630,13470,13760,13870,13950,13990,13940,14390,14320,14820,12930,12970,13740,13900,14060,13690,13520,13430,12940,13050,12920,12460,12240,12030,11900,10910,10750,10350,10370,11350,10040,9480,9710,9680,10010,8720,8900,8900,8690,8750,8550,8550,8600,8330,8660,7770,7600,7700,7500,7950,7090,6460,6160,5550,5300,4230,3950,3900,3480,3540,2850,2450,2190,1910,1760,1240,1130,1000,840,760,540,410,330,250,690
1946,23840,19990,18370,16910,17650,18430,17650,15770,14820,14120,13670,13330,13280,13170,13360,14100,14090,14000,14150,14300,14150,13610,12610,13120,13650,13550,13970,12530,12570,13200,13630,13720,13860,13680,13520,13340,13620,13210,13040,12700,12520,12430,11550,11310,10920,10710,11700,10240,9510,9190,8970,8890,7920,8250,8240,8280,8410,8300,8380,8350,8450,8420,7870,7610,7630,7350,7610,6720,6110,5730,5320,4900,4020,3670,3580,3460,2680,2390,1990,1750,1550,1090,1060,820,710,600,460,340,270,240,480,22580,19350,17450,16040,17220,18010,17030,15460,14550,13840,13290,12680,12530,12730,12830,13520,13710,13600,13460,13780,13940,14050,14120,14100,14550,14490,14990,13060,13030,13790,13960,14130,13780,13610,13480,12960,13080,12940,12440,12230,12030,11900,10890,10720,10300,10320,11300,10000,9430,9630,9620,9960,8650,8840,8830,8600,8660,8450,8450,8470,8210,8560,7630,7440,7560,7340,7770,6930,6270,5950,5370,5120,4040,3740,3680,3680,2960,2550,2270,1990,1830,1290,1170,1040,870,790,570,430,350,260,730
1947,24670,23580,19900,18320,16880,17610,18390,17620,15760,14810,14110,13660,13330,13280,13170,13340,14090,14080,13980,14130,14130,13980,14100,13500,13630,13860,13670,14070,12590,12640,13260,13660,13750,13920,13720,13540,13340,13630,13240,13050,12710,12520,12440,11540,11290,10900,10670,11640,10190,9450,9150,8920,8810,7830,8140,8140,8180,8290,8160,8190,8150,8270,8260,7650,7390,7400,7120,7360,6440,5840,5450,5050,4640,3730,3400,3600,2790,2500,2060,1820,1600,1130,1100,860,740,630,480,350,280,250,500,23770,22370,19280,17450,16030,17190,18000,17020,15450,14550,13840,13300,12710,12540,12730,12820,13520,13700,13580,13440,13790,13950,14030,14100,14080,14530,14470,14980,13060,13040,13770,13950,14140,13780,13610,13470,12980,13110,12940,12430,12220,12010,11880,10870,10690,10290,10290,11250,9960,9400,9600,9560,9900,8590,8770,8780,8540,8570,8350,8330,8380,8130,8440,7510,7290,7420,7200,7630,6750,6080,5750,5190,4950,3840,3550,3860,3110,2670,2390,2090,1910,1360,1230,1090,910,830,600,450,360,280,750
1948,24420,24430,23480,19860,18320,16880,17600,18390,17630,15760,14800,14100,13650,13340,13290,13150,13310,14050,14050,13960,14140,14380,14550,14700,13920,13890,14040,13820,14180,12670,12690,13320,13720,13820,13970,13770,13590,13360,13650,13240,13050,12730,12520,12410,11530,11280,10890,10640,11580,10110,9370,9070,8850,8730,7730,8030,8000,8060,8160,8020,8030,7970,8090,8020,7380,7110,7150,6870,7060,6150,5560,5190,4810,4370,3450,3530,2890,2480,2160,1890,1700,1300,1130,920,790,640,500,360,290,230,510,23400,23590,22320,19260,17430,16000,17190,18000,17010,15440,14550,13840,13310,12710,12520,12720,12820,13500,13690,13570,13420,13760,13930,14010,14100,14100,14550,14500,15010,13070,13050,13790,13960,14150,13800,13650,13490,12970,13080,12940,12420,12200,12000,11870,10850,10670,10280,10300,11230,9920,9340,9540,9510,9840,8530,8690,8690,8430,8470,8260,8210,8290,8030,8310,7350,7120,7240,7050,7440,6550,5890,5570,5010,4750,3650,3830,3260,2630,2540,2120,2020,1500,1330,1170,970,830,640,490,400,290,790
1949,24400,24220,24390,23480,19880,18340,16880,17620,18420,17650,15790,14830,14120,13680,13390,13330,13200,13400,14130,14110,14080,14300,14530,14730,14930,14170,14130,14280,14020,14350,12810,12800,13410,13810,13910,14040,13830,13660,13440,13680,13230,13030,12740,12530,12400,11510,11270,10890,10620,11510,10010,9300,9030,8790,8670,7660,7950,7910,7930,8020,7850,7860,7830,7920,7800,7130,6850,6910,6620,6800,5870,5300,4920,4510,4050,3520,3000,2490,2280,1980,1790,1460,1170,980,860,650,520,370,290,210,510,23040,23240,23560,22340,19310,17480,16040,17210,18020,17020,15460,14580,13870,13320,12720,12540,12740,12840,13520,13700,13570,13430,13780,13950,14020,14130,14130,14600,14560,15070,13110,13100,13830,13970,14180,13900,13710,13500,12990,13100,12930,12410,12200,11990,11870,10860,10660,10240,10260,11190,9880,9290,9500,9480,9810,8470,8610,8610,8360,8360,8150,8120,8190,7930,8200,7230,6960,7090,6870,7240,6350,5690,5360,4780,4550,3810,3400,2590,2670,2150,2130,1630,1440,1250,1030,820,680,530,430,300,840
1950,24450,24210,24170,24380,23520,19930,18380,16930,17640,18420,17680,15800,14850,14140,13710,13400,13360,13210,13390,14090,14120,14150,14400,14590,14790,15000,14190,14180,14360,14090,14430,12900,12870,13460,13860,13970,14080,13860,13690,13460,13700,13240,13050,12760,12530,12370,11490,11250,10860,10560,11450,9960,9230,8960,8700,8550,7560,7870,7780,7780,7870,7690,7700,7630,7690,7530,6870,6600,6660,6340,6510,5600,5000,4600,4210,3670,3130,2610,2380,2070,1870,1520,1220,1020,890,680,540,390,310,210,560,23540,22880,23200,23580,22400,19340,17500,16050,17240,18050,17050,15490,14610,13890,13330,12730,12570,12750,12810,13490,13710,13570,13390,13760,13950,14030,14170,14200,14630,14600,15150,13190,13130,13840,14010,14210,13900,13730,13520,13000,13100,12940,12440,12200,11990,11850,10820,10620,10190,10200,11130,9840,9250,9410,9370,9720,8410,8520,8500,8250,8260,8020,8010,8070,7800,8060,7070,6800,6940,6710,7030,6160,5480,5140,4570,4040,3610,2750,2830,2270,2260,1730,1520,1320,1090,880,720,560,450,320,890
1951,25090,23930,23890,24080,24010,22830,20050,18800,17890,17150,18790,18070,16040,15030,14270,13790,13600,13460,13510,13620,13730,13960,14210,14410,14650,14870,14950,14960,15010,14830,14430,14060,13730,13410,13240,13480,13740,13920,14000,13980,13770,13660,13320,12980,12690,12440,12020,11690,11460,11220,10840,10440,9990,9450,8800,8410,8100,7940,7830,7760,7670,7670,7580,7480,7390,7270,7070,6860,6610,6330,5960,5610,5260,4830,4340,3910,3450,3030,2630,2270,1940,1680,1390,1140,920,740,600,460,350,250,640,23720,23040,22830,23190,23200,21910,19250,17970,16910,16620,18080,17270,15430,14720,13980,13510,13070,12830,12800,13050,13270,13500,13710,13900,14050,14180,14270,14430,14610,14660,14460,14250,14020,13820,13700,13840,13940,14030,13950,13740,13360,13180,12810,12420,12130,11890,11400,11070,10820,10650,10330,10090,9870,9620,9190,9000,8860,8710,8570,8450,8260,8250,8120,7970,7880,7830,7600,7330,7080,6790,6400,6050,5650,5250,4740,4330,3820,3410,2970,2590,2240,1960,1670,1430,1160,960,760,610,480,380,1030
1952,26010,25030,24040,24020,24220,24180,22960,20160,18930,18010,17270,18910,18170,16120,15120,14340,13840,13640,13520,13620,13790,14020,14420,14780,15100,15330,15460,15520,15440,15400,15170,14760,14370,13970,13580,13390,13640,13880,14060,14110,14070,13880,13740,13390,13050,12740,12490,12060,11720,11470,11190,10810,10390,9930,9400,8730,8330,8030,7840,7710,7660,7570,7530,7400,7280,7190,7040,6830,6630,6360,6060,5680,5340,4980,4560,4040,3620,3190,2780,2400,2040,1720,1470,1210,970,760,610,470,370,280,680,24690,23680,23110,22930,23300,23370,22060,19350,18090,17030,16730,18180,17360,15500,14800,14060,13560,13140,12950,12980,13210,13470,13740,13980,14190,14310,14440,14570,14690,14870,14920,14690,14440,14200,13980,13830,13980,14060,14150,14060,13860,13450,13260,12890,12490,12210,11960,11430,11070,10850,10660,10340,10090,9850,9590,9150,8970,8820,8660,8520,8390,8190,8170,8030,7850,7750,7690,7440,7180,6920,6590,6200,5830,5420,5020,4480,4060,3570,3170,2740,2360,2040,1770,1480,1250,990,800,630,490,370,1070
1953,26080,25930,25090,24150,24170,24370,24350,23110,20290,19060,18140,17370,19000,18250,16220,15220,14440,13940,13720,13590,13740,13910,14140,14650,15190,15560,15740,15820,15860,15740,15620,15380,14940,14530,14100,13690,13510,13740,13990,14170,14180,14150,13960,13830,13460,13090,12770,12500,12060,11690,11430,11170,10730,10290,9860,9330,8640,8230,7910,7710,7590,7540,7390,7330,7190,7080,7000,6830,6580,6360,6090,5790,5400,5010,4640,4240,3740,3320,2910,2510,2150,1820,1510,1250,1020,820,640,500,380,300,710,24810,24650,23760,23230,23060,23440,23520,22190,19470,18190,17130,16820,18270,17430,15560,14850,14110,13610,13210,13040,13090,13370,13710,14020,14290,14470,14570,14690,14810,14950,15090,15120,14900,14630,14330,14090,13940,14090,14170,14250,14150,13940,13520,13310,12930,12530,12220,11940,11430,11070,10830,10660,10300,10060,9840,9560,9120,8920,8750,8610,8460,8340,8140,8070,7890,7710,7620,7550,7280,7010,6720,6390,5980,5570,5170,4760,4240,3830,3330,2940,2520,2150,1840,1570,1280,1090,840,680,530,410,1110
1954,27240,25950,25920,25120,24200,24230,24440,24410,23180,20350,19120,18190,17410,19030,18280,16240,15230,14470,14000,13780,13630,13840,14040,14330,15020,15630,15870,15970,16030,16040,15880,15750,15480,15030,14640,14160,13670,13500,13750,14010,14210,14230,14160,13960,13820,13460,13080,12720,12440,11990,11610,11340,11090,10660,10200,9750,9220,8520,8110,7790,7530,7410,7390,7210,7120,6930,6810,6750,6580,6300,6080,5840,5520,5080,4650,4290,3910,3440,3050,2620,2250,1920,1610,1290,1050,820,670,520,390,300,760,25760,24730,24670,23800,23260,23100,23520,23580,22250,19500,18240,17180,16860,18290,17460,15610,14880,14130,13660,13280,13100,13120,13450,13810,14120,14400,14560,14650,14770,14900,15020,15160,15230,15000,14710,14360,14110,13980,14140,14200,14280,14190,13990,13560,13310,12910,12520,12220,11930,11410,11040,10790,10620,10250,9990,9780,9490,9030,8830,8640,8490,8380,8240,8030,7960,7750,7550,7460,7400,7100,6790,6510,6170,5730,5290,4860,4480,3980,3570,3080,2710,2300,1950,1640,1370,1090,920,700,550,420,1130
1955,27970,27100,25930,25970,25220,24310,24320,24520,24480,23240,20410,19190,18260,17470,19090,18300,16240,15240,14520,14100,13910,13760,14010,14280,14570,15230,15840,16090,16150,16170,16170,16010,15860,15560,15120,14750,14240,13730,13560,13810,14060,14260,14250,14180,13980,13810,13430,13040,12680,12380,11960,11560,11260,11010,10560,10050,9630,9120,8380,7960,7630,7370,7240,7220,7030,6910,6720,6570,6500,6330,6030,5810,5550,5210,4740,4310,3970,3610,3120,2730,2340,2010,1710,1410,1090,870,680,540,400,300,810,26560,25650,24750,24720,23870,23360,23210,23590,23650,22330,19560,18280,17240,16920,18330,17490,15630,14910,14170,13720,13340,13200,13240,13540,13900,14240,14530,14670,14780,14900,15020,15130,15240,15290,15060,14780,14440,14180,14020,14160,14240,14300,14220,14010,13560,13300,12890,12490,12190,11900,11380,11010,10760,10570,10180,9920,9730,9460,8970,8760,8570,8430,8320,8150,7900,7830,7600,7390,7270,7200,6910,6580,6310,5950,5490,5020,4560,4180,3710,3320,2820,2480,2090,1740,1430,1160,920,780,580,440,1190
1956,28490,27050,26240,25850,25460,25270,24790,24790,24720,24590,23370,20540,19240,18250,17570,19080,18150,16190,15260,14640,14190,13920,13880,14100,14550,14920,15380,15830,16100,16260,16300,16180,15920,15730,15540,15160,14720,14350,14000,13890,13970,14230,14290,14160,14140,13940,13650,13430,13160,12800,12380,11940,11420,11010,10750,10430,9970,9600,9080,8420,7870,7560,7260,7060,6900,6820,6730,6630,6410,6190,5920,5700,5420,5110,4830,4520,4100,3720,3320,2840,2420,2080,1790,1470,1180,970,790,640,490,380,900,27020,26080,25210,24930,24640,24160,23540,23580,23640,23660,22300,19700,18270,17270,16940,18330,17450,15730,14920,14220,13760,13440,13260,13440,13840,14140,14380,14630,14830,14900,14960,15020,15060,15180,15180,15030,14760,14620,14460,14260,14240,14380,14280,13990,13740,13520,13220,12890,12580,12230,11780,11330,10860,10490,10290,10130,9770,9590,9380,9010,8660,8550,8360,8190,7980,7900,7810,7660,7430,7160,6840,6580,6190,5870,5580,5280,4820,4390,3950,3440,2940,2530,2180,1860,1550,1320,1100,870,700,530,1420
1957,29180,28390,27090,26330,25950,25550,25390,24900,24870,24810,24690,23490,20640,19330,18340,17640,19160,18240,16340,15440,14790,14380,14210,14190,14440,14880,15250,15690,16070,16290,16470,16480,16320,16030,15850,15680,15270,14830,14450,14060,13950,14060,14300,14320,14200,14190,13980,13650,13420,13140,12760,12340,11880,11350,10930,10660,10320,9840,9460,8950,8270,7730,7420,7100,6870,6700,6620,6510,6380,6170,5900,5620,5400,5090,4750,4480,4150,3720,3380,3000,2540,2120,1820,1540,1240,960,780,620,500,400,950,28160,26970,26130,25280,25010,24740,24260,23660,23690,23750,23790,22430,19800,18340,17330,16980,18370,17470,15790,15050,14370,13910,13630,13500,13730,14120,14400,14600,14840,15050,15060,15110,15180,15220,15330,15320,15160,14870,14710,14520,14310,14310,14450,14340,14040,13760,13510,13230,12930,12600,12240,11770,11310,10870,10470,10250,10100,9750,9560,9330,8920,8590,8500,8270,8090,7890,7780,7690,7510,7240,6970,6650,6350,5960,5610,5310,5000,4520,4080,3650,3140,2660,2270,1940,1620,1320,1110,900,710,560,1480
1958,30470,29110,28440,27160,26420,26040,25630,25450,24990,24960,24900,24780,23570,20700,19410,18470,17800,19310,18420,16530,15620,15020,14640,14480,14510,14750,15120,15480,15920,16250,16470,16660,16590,16460,16170,15980,15800,15360,14930,14520,14110,14010,14110,14330,14330,14200,14180,13980,13650,13380,13080,12690,12290,11830,11290,10850,10580,10220,9740,9360,8800,8120,7600,7250,6900,6670,6500,6390,6270,6120,5880,5630,5310,5070,4780,4410,4150,3800,3370,3020,2670,2260,1870,1580,1320,1050,790,630,510,400,1020,28980,28070,26990,26200,25390,25120,24820,24350,23720,23740,23840,23880,22510,19860,18400,17380,17020,18360,17470,15840,15130,14460,14040,13840,13730,13920,14300,14550,14710,14960,15180,15160,15170,15250,15310,15430,15410,15230,14950,14770,14560,14340,14340,14480,14340,14030,13760,13500,13210,12900,12570,12180,11690,11260,10800,10410,10200,10030,9690,9470,9260,8870,8510,8410,8160,7960,7770,7620,7530,7350,7040,6790,6440,6080,5690,5350,5030,4710,4230,3770,3350,2870,2370,2000,1690,1390,1120,920,750,590,1540
1959,31030,30320,29090,28470,27200,26450,26100,25690,25500,25040,25010,24950,24860,23630,20700,19360,18370,17680,19180,18320,16400,15450,14900,14610,14470,14520,14790,15170,15500,15890,16190,16430,16660,16590,16430,16140,15940,15790,15340,14910,14500,14070,13970,14080,14290,14280,14120,14130,13910,13520,13280,12960,12550,12200,11720,11170,10700,10410,10030,9520,9160,8640,7950,7410,7040,6680,6480,6290,6170,6040,5850,5610,5330,4980,4730,4430,4060,3820,3470,3010,2670,2370,1990,1590,1330,1110,860,620,490,400,1070,29570,28840,28060,27050,26260,25440,25150,24860,24420,23790,23800,23900,23950,22550,19910,18440,17380,17010,18310,17440,15840,15100,14450,14080,13930,13860,14010,14350,14610,14790,15030,15220,15200,15210,15310,15380,15470,15410,15240,14940,14780,14550,14330,14330,14460,14300,13990,13720,13450,13170,12850,12520,12120,11630,11190,10740,10360,10130,9960,9590,9390,9180,8760,8410,8260,8000,7840,7640,7490,7390,7180,6850,6570,6210,5820,5380,5060,4740,4410,3910,3460,3060,2580,2070,1720,1440,1170,930,750,610,1620
1960,31500,30890,30300,29110,28490,27220,26490,26130,25710,25530,25080,25060,25000,24900,23640,20650,19310,18320,17660,19170,18320,16390,15370,14840,14630,14510,14540,14790,15150,15500,15880,16190,16450,16670,16590,16430,16140,15960,15790,15330,14910,14480,14060,13950,14040,14240,14200,14050,14060,13790,13390,13180,12850,12420,12090,11620,11030,10570,10280,9850,9320,8990,8460,7740,7190,6850,6470,6250,6040,5900,5760,5590,5310,5020,4670,4400,4080,3700,3470,3130,2690,2380,2090,1700,1330,1090,910,710,500,380,1100,30080,29460,28850,28070,27060,26290,25460,25190,24910,24470,23840,23830,23930,23970,22560,19920,18460,17340,16930,18240,17400,15740,15010,14430,14110,14000,13920,14040,14330,14610,14830,15030,15220,15220,15220,15310,15390,15450,15410,15230,14940,14760,14510,14290,14290,14430,14250,13950,13680,13390,13080,12770,12440,12020,11540,11110,10660,10280,10040,9850,9480,9300,9090,8650,8300,8140,7850,7700,7480,7300,7190,6960,6630,6350,5950,5540,5080,4730,4420,4090,3590,3170,2790,2300,1800,1470,1200,970,770,620,1720
1961,32250,30670,30280,29840,29130,28550,27930,27160,26500,26000,25830,25370,25150,25100,24960,23710,20670,19250,18310,17800,19310,18420,16670,15670,15200,14950,14820,14740,14810,15270,16150,16740,16110,16390,16710,16830,16830,16370,15820,16020,16390,15680,13920,13630,13720,13980,14200,14570,14400,14250,13880,13600,12700,12890,12280,11850,11370,10910,10430,10030,9820,9500,8600,7840,7320,7030,6770,6210,6070,5750,5590,5410,5040,5040,4720,4390,4190,3820,3390,3130,2810,2480,2010,1690,1420,1210,910,750,520,400,1040,31400,30020,29540,29080,28280,27400,26500,25750,25400,24980,24530,24010,23950,24050,24100,22640,19860,18320,17220,16900,18260,17500,15890,15190,14670,14430,14240,14020,14220,14550,14780,15020,15080,15250,15310,15320,15400,15450,15460,15490,15320,14970,14730,14480,14240,14220,14360,14230,13910,13650,13380,13070,12660,12370,11950,11480,11010,10550,10200,9990,9780,9450,9180,8930,8480,8170,8050,7720,7510,7250,7070,6970,6690,6390,6080,5640,5210,4760,4420,4070,3750,3290,2850,2500,2000,1520,1210,990,810,620,1750
1962,32640,32160,30710,30370,29940,29270,28680,28040,27270,26590,26080,25950,25470,25250,25180,25050,23750,20590,19200,18330,17890,19360,18440,16800,15850,15460,15140,14940,14890,14940,15380,16230,16820,16140,16420,16770,16900,16920,16440,15860,16040,16400,15700,13960,13650,13720,13990,14170,14480,14330,14160,13780,13500,12580,12760,12160,11710,11210,10770,10290,9880,9680,9320,8390,7590,7120,6810,6540,6000,5820,5480,5320,5130,4720,4690,4370,4050,3840,3470,3040,2770,2480,2170,1710,1410,1160,970,710,590,400,1010,31290,30910,29610,29090,28730,28190,27460,26750,26070,25550,24950,24650,24200,24060,24270,24200,22710,19800,18270,17290,17030,18310,17590,16110,15470,14910,14570,14240,14150,14180,14530,15070,15720,15090,15230,15280,15520,15730,15630,15360,15870,16150,15720,14120,14050,14150,14440,14300,14400,14070,13940,13360,13150,12280,12430,11800,11380,10990,10520,10000,9750,9680,9910,8800,8360,8280,8400,8480,7880,7360,7120,7000,6680,5970,6130,5830,5430,5060,4570,3960,3610,3320,3190,2430,2000,1750,1420,1130,910,630,1840
1963,32810,32250,32180,30600,30590,30000,29350,28800,28140,27380,26680,26150,26000,25510,25280,25220,25040,23690,20540,19250,18360,17830,19320,18470,16950,16030,15620,15280,15060,14970,14990,15420,16250,16880,16190,16440,16830,16940,16950,16470,15880,16060,16390,15680,13960,13620,13650,13930,14090,14380,14230,14060,13670,13360,12440,12590,11990,11580,11080,10570,10080,9700,9470,9080,8140,7360,6890,6580,6330,5740,5560,5220,5040,4810,4390,4350,4000,3700,3460,3090,2680,2460,2150,1850,1430,1180,950,780,540,430,1000,31080,31050,30980,29710,29210,28840,28300,27570,26840,26140,25600,25010,24740,24260,24120,24330,24230,22690,19820,18350,17290,16970,18350,17820,16390,15730,15120,14720,14400,14300,14300,14620,15160,15810,15180,15320,15370,15630,15820,15690,15400,15890,16180,15750,14170,14070,14120,14410,14270,14340,14010,13890,13310,13090,12230,12370,11760,11330,10910,10450,9940,9660,9570,9790,8700,8240,8150,8280,8370,7750,7200,6930,6800,6440,5690,5830,5490,5130,4760,4230,3620,3290,3030,2870,2120,1720,1480,1190,920,730,1860
1964,31670,32440,32300,32280,30710,30710,30120,29450,28870,28220,27450,26770,26230,26060,25540,25240,25170,25030,23830,20730,19390,18430,17850,19430,18610,17050,16110,15740,15450,15210,15080,15100,15560,16370,16960,16270,16540,16870,16940,16950,16520,15950,16100,16360,15640,13950,13630,13640,13880,14020,14260,14120,13980,13590,13270,12310,12500,11870,11420,10880,10370,9900,9510,9220,8820,7900,7160,6680,6340,6070,5470,5310,4950,4720,4470,4040,3990,3640,3320,3100,2740,2350,2130,1830,1550,1170,950,750,600,380,970,29990,30810,31080,31070,29820,29350,28960,28420,27680,26910,26220,25680,25070,24790,24320,24180,24350,24260,22740,19900,18420,17350,17020,18470,18010,16590,15890,15260,14850,14530,14450,14430,14710,15220,15870,15290,15450,15480,15680,15820,15700,15410,15930,16230,15790,14170,14050,14080,14370,14240,14310,14000,13910,13300,13040,12190,12340,11720,11230,10800,10380,9880,9610,9480,9700,8580,8120,8030,8110,8160,7530,6990,6720,6570,6180,5400,5520,5170,4790,4390,3900,3310,2960,2670,2520,1790,1460,1240,970,740,1890
1965,30290,30590,31900,32700,32740,31700,31150,30430,29600,29100,28580,27580,26880,26490,26240,25520,25020,24960,24790,23560,20730,19370,18550,18140,19560,18910,16860,16210,15850,15230,15570,14750,14900,15490,16200,17200,16290,16520,17300,17410,17040,16070,16230,15820,15950,16000,13850,13500,13840,14350,13860,13700,14070,13780,13330,13150,12220,12300,12060,11320,10790,9960,9810,9180,9130,8790,7770,6960,6460,5950,5560,4950,4920,4600,4430,4260,3890,3560,3250,2990,2710,2370,2050,1830,1630,1410,1100,850,670,460,1130,28510,28950,30440,31510,31450,30570,29880,29130,28350,27640,27200,26310,25680,25250,24650,24180,23830,23930,23940,22710,20130,18650,17570,17420,18650,18270,16520,15880,15380,15070,14610,14120,14460,14790,15170,16180,15500,15450,15830,16010,16090,15340,15880,15720,15810,15950,14090,13900,14310,14770,14440,13850,14000,13600,12970,12740,12320,12060,11650,11330,11010,9990,9970,9390,9540,9810,8880,8130,7990,7870,7740,6720,6720,6440,6430,5680,5480,4990,4670,4240,4020,3310,3030,2720,2480,2180,1750,1300,1050,820,2160
1966,30470,29590,30560,31980,32770,32880,31830,31300,30530,29670,29180,28670,27630,26950,26440,26170,25470,25040,25050,24950,23670,20710,19460,18770,18220,19730,19220,17180,16450,16020,15660,15550,14900,15010,15570,16250,17310,16340,16570,17320,17460,17070,16110,16230,15820,15890,16010,13850,13440,13750,14340,13780,13560,13930,13680,13210,12970,12030,12080,11860,11160,10610,9680,9590,8920,8910,8550,7530,6690,6180,5660,5280,4640,4630,4260,4060,3960,3580,3250,2900,2630,2380,2060,1780,1540,1350,1140,890,670,530,1180,29050,28010,28980,30540,31630,31610,30720,29970,29230,28460,27690,27280,26400,25760,25330,24640,24170,23760,23880,24110,23020,20220,18750,17690,17550,18910,18450,16620,16020,15530,15220,14780,14200,14530,14840,15170,16260,15500,15440,15820,16090,16150,15340,15840,15700,15760,16000,14110,13870,14230,14690,14410,13810,13970,13580,12930,12740,12260,12010,11560,11260,10990,9870,9880,9290,9370,9650,8720,7910,7820,7670,7560,6490,6470,6150,5870,5620,5210,4710,4370,3900,3720,3020,2710,2370,2150,1870,1490,1080,850,2210
1967,30650,30160,29520,30530,32060,32810,32940,31890,31370,30580,29710,29190,28670,27650,26910,26340,26120,25370,24760,24720,24470,22910,20030,19000,18420,17830,19410,19020,17000,16240,15880,15490,15400,14840,14950,15480,16150,17240,16270,16500,17220,17340,16950,16000,16170,15750,15820,15900,13760,13340,13580,14180,13640,13370,13740,13450,13050,12740,11750,11840,11610,10960,10350,9390,9340,8730,8630,8250,7200,6400,5920,5390,5010,4340,4320,3960,3710,3620,3270,2930,2580,2330,2100,1780,1510,1290,1120,930,720,530,1260,29530,28830,28020,29040,30610,31660,31630,30790,30050,29260,28510,27790,27350,26460,25810,25370,24650,24070,23650,23750,23700,22600,19860,18590,17650,17490,18850,18460,16690,16150,15640,15290,14760,14250,14610,14910,15160,16270,15510,15480,15820,16100,16180,15390,15840,15610,15680,16050,14050,13820,14220,14580,14340,13740,13870,13480,12870,12620,12180,11910,11500,11160,10880,9740,9770,9120,9190,9490,8570,7770,7620,7480,7340,6260,6250,5870,5590,5310,4910,4380,4000,3560,3420,2720,2410,2060,1840,1600,1250,870,2310
1968,31240,30200,29970,29470,30440,31990,32780,32860,31840,31300,30520,29640,29150,28710,27740,27040,26450,26150,25150,24450,24240,23680,22120,19500,18550,18010,17550,19120,18710,16720,16060,15680,15380,15180,14730,14810,15330,16050,17130,16170,16330,17040,17210,16820,15880,16030,15590,15690,15780,13640,13190,13420,14050,13510,13190,13590,13320,12870,12590,11610,11680,11390,10690,10060,9120,9120,8470,8310,7910,6850,6140,5630,5080,4670,4050,3990,3620,3360,3260,2930,2600,2270,2030,1820,1500,1250,1030,870,710,530,1250,29800,29150,28690,27970,28950,30550,31580,31580,30720,29950,29210,28460,27770,27330,26440,25770,25300,24540,23890,23320,23280,23100,22030,19460,18360,17540,17460,18810,18370,16690,16070,15560,15240,14730,14220,14590,14880,15140,16260,15520,15410,15720,16010,16140,15330,15800,15540,15650,16010,14010,13740,14090,14520,14290,13710,13820,13410,12860,12600,12120,11900,11400,11120,10750,9650,9690,9000,9080,9340,8380,7580,7420,7270,7080,5980,5960,5570,5290,4980,4570,4030,3700,3250,3040,2340,2060,1750,1550,1330,1020,2390
1969,31680,30850,30040,29860,29390,30370,31930,32680,32800,31790,31180,30450,29540,29080,28590,27560,26850,26310,25940,24900,24090,23790,23330,21910,19450,18460,17920,17540,19020,18660,16640,16040,15650,15270,15170,14670,14690,15220,16000,17010,16060,16150,16930,17130,16740,15790,15910,15470,15600,15640,13500,13030,13310,13910,13380,13000,13450,13100,12650,12360,11400,11430,11160,10420,9750,8880,8770,8150,7960,7550,6480,5800,5300,4740,4330,3670,3650,3300,3030,2940,2590,2270,1970,1740,1530,1250,1010,810,690,540,1240,30260,29510,29070,28630,27870,28890,30430,31460,31480,30650,29900,29210,28420,27700,27260,26350,25680,25220,24340,23710,23200,22950,22680,21780,19460,18430,17510,17380,18820,18320,16630,15990,15500,15240,14690,14200,14530,14830,15130,16200,15470,15350,15650,15940,16020,15250,15710,15480,15600,15860,13920,13650,14000,14470,14230,13680,13840,13350,12740,12440,12000,11750,11290,11000,10560,9520,9490,8840,8860,9090,8110,7330,7170,6950,6840,5670,5660,5270,4970,4640,4220,3680,3340,2890,2690,2010,1740,1480,1320,1110,2560
1970,31520,31180,31160,29740,29640,29040,30470,31950,32760,32720,31780,31260,30490,29610,29080,28600,27690,26950,26420,26060,25150,24350,23820,23460,22310,19520,18490,18170,17810,19210,18800,16920,16290,15790,15390,15350,14760,14770,15390,16080,17000,16050,16360,16960,17190,16710,15750,15990,15520,15520,15760,13460,13040,13180,13860,13290,12900,13240,12960,12440,12170,11130,11230,10980,10100,9550,8570,8500,7890,7610,7220,6300,5550,5040,4470,4050,3330,3340,3030,2740,2480,2120,1970,1640,1440,1230,1110,880,690,510,1420,29970,29980,29730,29130,28220,27620,28880,30520,31530,31620,30750,29920,29220,28540,27750,27370,26420,25680,25130,24440,23790,23100,22520,22560,21820,19530,18380,17700,17580,18800,18500,16760,16060,15590,15330,14740,14200,14490,14930,15180,16230,15440,15330,15740,15900,16050,15170,15700,15530,15540,15810,13930,13540,13970,14250,14110,13580,13610,13200,12690,12400,11930,11690,11240,10860,10540,9460,9400,8760,8680,8860,8000,7190,6900,6770,6580,5400,5370,5040,4640,4350,3440,3330,2950,2650,2240,1850,1540,1260,1040,2970
1971,32120,30480,30660,30530,29860,30220,30170,30940,32270,32870,32960,32340,31360,30720,29860,29400,28230,27050,25900,25450,25090,24290,23580,23730,23460,22790,20150,19050,18320,18290,19720,19510,16960,16210,15550,15390,15480,15240,14800,15660,16350,17220,15940,16610,16690,16390,16660,16200,15700,15710,16010,15540,13030,13000,12860,13380,12840,13320,12830,12850,12360,11870,10930,10950,10230,9890,9500,8530,8120,7470,7170,6900,5750,5120,4500,4130,3710,3310,2980,2720,2500,2130,1980,1650,1450,1240,1120,880,690,520,1430,30640,29190,29330,29330,29050,28960,28800,29510,30740,31690,31820,31020,30060,29470,28670,27960,27020,25810,24910,24520,24010,23640,22980,22980,23290,22270,19950,18680,17770,17920,19220,18800,16550,16230,15380,15170,15010,14750,14540,15070,15430,16480,15150,15800,15440,15330,15770,15700,15280,15760,15920,15830,13570,13620,13640,14020,13480,13930,13200,13240,12690,12680,11520,11520,10970,10710,10670,9660,9140,8750,8510,8640,7290,6920,6460,6310,5950,5340,4830,4550,4520,3570,3450,3060,2750,2320,1920,1590,1310,1070,3070
1972,32020,32010,30630,30820,30720,30130,30490,30340,31080,32450,33070,33180,32480,31460,30750,29840,29350,28220,27100,26030,25600,25190,24390,23890,24100,23790,23240,20620,19460,18720,18670,20040,19800,17230,16470,15780,15550,15620,15400,14960,15860,16450,17240,16000,16650,16700,16380,16630,16150,15700,15750,15970,15440,12930,12910,12740,13220,12670,13110,12610,12680,12160,11620,10690,10640,9970,9690,9220,8240,7840,7170,6840,6510,5410,4830,4190,3820,3410,3020,2660,2460,2100,1950,1620,1430,1220,1100,870,680,510,1410,30800,30600,29410,29580,29580,29290,29180,29020,29700,30940,31900,32030,31230,30210,29550,28780,28080,27050,25870,25010,24580,23930,23590,23120,23260,23780,22790,20320,18990,18120,18390,19580,19080,16740,16370,15540,15270,15100,14840,14650,15210,15510,16510,15170,15790,15460,15320,15760,15660,15250,15790,15940,15800,13520,13610,13600,13950,13430,13900,13150,13240,12700,12630,11480,11460,10860,10650,10570,9510,9020,8680,8420,8400,7070,6710,6180,6000,5650,5040,4510,4570,3610,3500,3100,2790,2360,1940,1610,1320,1090,3100
1973,30830,31980,32320,30970,31210,31130,30520,30820,30640,31390,32720,33260,33380,32700,31580,30870,29890,29370,28340,27340,26150,25520,25220,24650,24200,24430,24180,23780,21150,19980,19250,19120,20430,20170,17520,16810,16140,15800,15820,15620,15110,15920,16540,17340,16070,16700,16690,16340,16590,16100,15640,15710,15930,15400,12880,12820,12620,13100,12520,12900,12460,12540,11950,11380,10460,10470,9730,9340,8860,7890,7520,6860,6490,6140,5050,4480,3850,3510,3120,2710,2460,2150,1940,1680,1420,1130,950,750,650,520,1460,29530,30880,30950,29790,29960,29930,29640,29560,29290,29970,31280,32180,32210,31440,30400,29700,28900,28080,27070,25960,25050,24510,23980,23870,23590,23900,24460,23370,20790,19450,18610,18760,19870,19410,17050,16590,15750,15460,15240,14970,14820,15330,15590,16570,15180,15840,15480,15350,15790,15700,15340,15830,15950,15860,13550,13600,13570,13930,13370,13810,13180,13260,12610,12500,11340,11330,10740,10540,10410,9380,8900,8500,8160,8100,6770,6410,5870,5730,5350,4690,4270,3780,3500,3170,2950,2200,2040,1720,1470,1110,3080
1974,30240,30750,32190,32620,31300,31550,31470,30820,31100,30940,31700,33030,33550,33690,33040,31880,31070,30020,29510,28550,27610,26420,25900,25610,24980,24700,25000,24870,24510,21790,20630,19740,19410,20730,20530,17830,16990,16330,16010,16070,15970,15340,16030,16620,17380,16100,16660,16650,16300,16550,16210,15700,15620,15870,15350,12780,12670,12430,12960,12370,12770,12320,12300,11630,11000,10160,10210,9430,9030,8510,7570,7170,6460,6100,5740,4680,4130,3510,3210,2820,2430,2120,1930,1660,1410,1110,940,740,640,510,1420,28770,29570,31190,31330,30100,30270,30280,29950,29870,29660,30330,31550,32400,32430,31610,30590,29810,28880,28140,27290,26170,25130,24660,24350,24430,24200,24530,25180,23970,21310,20010,19140,19160,20110,19640,17300,16830,15990,15650,15500,15280,15050,15400,15600,16640,15260,15880,15510,15400,15860,15780,15420,15780,15870,15800,13480,13550,13470,13810,13360,13880,13130,13070,12460,12370,11200,11130,10520,10340,10260,9260,8720,8280,7850,7740,6490,6140,5550,5380,4990,4340,3850,3550,3220,3000,2230,2070,1740,1490,1130,3150
1975,27700,29420,30810,32230,33110,32730,32480,32110,31290,31340,31640,32160,33380,33960,33830,32490,31430,30290,29310,28620,28290,27130,26320,25920,25620,25620,25120,25300,25610,24690,21970,20180,19560,19110,20390,20550,18050,16960,17060,16520,16060,15110,15480,15770,16130,17440,16300,16480,17020,16940,16640,15520,15740,15290,15290,14920,13100,12440,12760,13100,12640,12390,12400,12120,11510,11170,10310,10080,9540,8750,8100,7140,6710,6080,5640,5460,4450,3670,3280,2860,2620,2250,1940,1720,1470,1200,950,770,610,490,1430,26760,28220,29750,31030,31780,31470,31010,30680,30190,30080,30010,30570,31920,32860,32540,31320,30070,29180,28470,27640,27280,26310,25750,25490,24960,25090,24780,24980,25460,24230,21710,19610,19030,18880,20150,19830,17670,16890,16550,16060,15490,14680,15090,15260,15260,16440,15670,15410,15580,15880,15920,15190,15450,15670,15810,15480,13850,13270,13850,14100,13840,13500,13320,13010,12540,12440,11820,11410,10720,10270,9860,8760,8470,7710,7350,7550,6450,5630,5360,4940,4780,4180,3650,3310,2980,2630,2060,1800,1520,1250,3320
1976,28090,27410,29290,30830,32060,33110,32690,32330,31990,31290,31220,31500,32050,33320,33870,33810,32570,31340,30330,29340,28590,27700,26460,25680,25280,25040,25090,25000,25250,25380,24450,22020,20350,19570,19230,20380,20680,18180,17010,16990,16460,15850,15320,15470,15560,15770,17390,16540,16300,16800,16920,16520,15270,15570,15260,15320,14650,12670,12310,12610,12990,12600,12160,11940,11690,11590,10770,9810,9480,9090,8380,7680,6680,6300,5720,5300,4940,4000,3320,2950,2510,2350,2010,1710,1470,1230,970,710,600,470,1360,26510,26580,28060,29720,30950,31740,31420,30820,30580,30210,29840,29550,30580,31920,32710,32380,31250,30080,29080,28210,27320,26710,25770,25160,25050,24650,24940,24770,25060,25340,24070,21420,19450,18790,18740,19960,19720,17830,16900,16540,16010,15280,14650,14990,14930,15130,16470,15640,15360,15590,16020,15820,14980,15460,15570,15670,15310,13890,13150,13490,14080,13600,13170,13370,12810,12430,12240,11640,11120,10480,10090,9450,8420,8310,7500,7120,7170,6120,5300,5050,4660,4470,3820,3260,2950,2680,2280,1720,1520,1260,3460
1977,27230,27530,27350,29160,30610,31760,32830,32420,32190,31780,31120,30920,31290,31890,33270,33930,33720,32350,31070,29820,28710,27420,26710,25720,25010,24670,24850,24780,24630,24600,25040,24150,21670,20190,19200,19110,20420,20520,17920,16920,16840,16070,15740,15130,15350,15520,15250,17260,16390,16300,16880,16690,16560,15050,15270,14800,15110,14380,12420,11890,12270,12450,12260,11870,11540,11510,11110,10620,9490,9030,8530,8000,7390,6300,5860,5260,4970,4530,3580,3020,2650,2310,2020,1700,1400,1210,1040,790,540,460,1250,26350,26040,26390,28090,29460,30720,31620,31140,30670,30520,30170,29770,29480,30350,31760,32600,32240,30960,29550,28330,27070,26120,25870,25490,24500,24830,24510,24570,24450,24900,25270,24020,21180,19040,18430,18620,20030,19770,17540,17170,16700,16080,15210,14190,14610,14780,15040,16480,15420,15310,15830,16170,15880,14880,15230,15340,15360,15180,13630,12890,13400,13820,13220,12880,13040,12580,12210,11980,11210,10800,10180,9750,8990,8110,7990,7070,6770,6740,5700,4990,4670,4300,4210,3480,2910,2630,2320,1940,1440,1240,3500
1978,25650,26820,27160,27010,28870,30290,31500,32550,32000,31920,31710,30800,30730,31280,31660,32810,33630,33240,31870,30420,29140,27940,26660,25870,25410,24460,23800,23910,24290,24310,24050,24820,23800,21510,20100,19100,18840,20120,19950,17350,16600,16750,16120,15730,14990,15570,15530,15150,16810,16170,15970,16920,16750,16210,14740,15070,14690,14910,14020,12220,11960,12050,12200,11840,11660,11360,11000,10750,10330,9100,8530,8080,7560,6980,5930,5490,5050,4690,4080,3250,2720,2380,2050,1810,1500,1180,1030,880,600,370,1210,24860,25870,25630,26350,28010,29240,30380,31350,30980,30450,30300,29920,29490,29350,30100,31730,32390,31440,30050,28880,28160,26690,25570,25700,24760,23860,24550,24360,24590,24650,25080,25070,23810,21070,18910,18330,18640,19590,19460,17270,16780,16410,15830,14890,14160,14670,14730,14870,16030,15290,15730,16020,15900,15730,14910,14930,15070,15240,14980,13350,12920,13130,13420,12730,12630,12870,12400,11830,11550,10990,10410,9820,9590,8700,7800,7590,6780,6490,6370,5420,4680,4340,3970,3870,3130,2580,2280,2040,1670,1220,3680
1979,26430,25330,26380,27030,26780,28460,30040,31050,32330,31580,31670,31310,30410,30420,30830,31410,32540,33260,32810,31320,29660,28310,26770,25910,25360,25020,23970,23130,23390,23920,24110,23860,24600,23840,21190,19920,18940,18750,19910,19340,16800,16590,16410,15860,15640,14800,15540,15530,14940,16650,16060,15980,16650,16660,15910,14320,14810,14480,14840,13930,12270,11850,11550,12030,11610,11350,10970,10670,10410,9760,8690,8190,7520,7170,6750,5600,5100,4620,4310,3670,2880,2420,2000,1760,1510,1280,1010,860,720,470,1140,25690,24680,25790,25620,26090,27760,28890,30150,31100,30530,30160,30100,29550,29110,29220,29810,31650,32290,31100,28620,28070,27300,25670,24830,25590,24390,23340,24280,23940,24510,24890,24600,24890,23370,20790,18690,18120,18520,19640,19460,17450,16700,16330,15930,15010,13760,14380,14590,14820,15930,15190,15260,16030,15510,15520,14790,14540,14560,15200,14880,13620,12430,12830,13380,12430,12620,12640,12100,11520,11220,10880,10300,9560,9240,8400,7260,7440,6500,6170,5950,5020,4350,4030,3640,3560,2740,2260,2000,1750,1430,3760
1980,25670,26150,24970,26020,26700,26530,28210,29750,30720,31940,31330,31200,31170,30270,30470,30720,31220,32460,33150,32740,31120,29270,28110,26760,25790,25240,25250,23880,23450,23830,24280,24580,24010,24950,23490,20710,19750,18930,18910,19800,19470,16460,16570,16280,15770,15420,14880,15550,15560,14850,16570,16030,15730,16220,16530,15930,14210,14550,14530,15000,14050,11940,11450,11060,11730,11260,10670,10300,10180,10090,9210,8310,7690,7100,6690,6190,4920,4680,4200,3930,3160,2550,2090,1670,1470,1240,1000,830,700,580,990,24420,25160,24430,25600,25310,25930,27310,28590,29820,30520,30010,29850,30010,29550,28840,28830,29660,31400,32010,30640,28730,27890,27440,26140,24710,25750,24400,23520,24340,23990,24860,24830,24330,24700,23310,20640,18730,17950,18240,19660,19700,17450,16580,16270,15620,14670,13660,14720,14650,14590,15670,14900,14930,15840,15280,15450,14610,14160,14220,15160,14760,13410,12030,12490,13250,12300,12670,12230,11910,11290,10910,10480,9920,9080,8760,7930,6840,7020,6070,5680,5580,4600,3990,3640,3210,3210,2390,1940,1680,1510,3950
1981,25890,25720,25890,24970,25560,26990,27610,28900,29960,31060,31990,31910,31800,30970,30130,30250,30060,30850,31660,31980,31170,29870,28360,26820,26130,25420,24790,24600,24550,24460,24240,24120,24080,24380,24400,23130,21010,19560,18940,18310,19330,19450,17430,16400,16190,15590,15020,14770,14860,15420,15800,16130,15510,15610,15650,15340,15330,14900,14520,14160,13960,13700,11790,11150,11100,11450,11050,10870,10340,9930,9160,8530,7890,7460,6770,5940,5420,4810,4280,3660,3310,2890,2310,1910,1520,1200,1020,840,640,510,1590,24470,24270,24910,24200,24640,25700,26400,27800,28680,29860,30500,30520,30210,29580,29020,29100,28790,29330,30250,30480,29990,28780,27150,26720,25910,25530,25420,25040,24690,24610,24140,24370,24130,24300,24280,23330,20800,19430,18430,18340,19280,19050,17190,16320,15430,15510,14480,14390,14270,14650,14660,15320,14990,14920,14940,15160,15050,15060,14630,14920,14990,14740,13140,12730,12960,12920,12680,12870,11850,11730,10920,10520,10000,9580,8760,8360,7720,7280,6360,5710,5270,5040,4180,3680,3300,2960,2590,2130,1790,1510,4980
1982,25570,25730,25700,25890,24950,25670,27100,27720,28890,29710,30940,31970,31930,31970,30880,30070,30340,29950,30650,31580,31740,30680,29830,28340,26990,26350,25800,25020,25070,24730,24270,24530,24390,24210,24220,24400,23340,21560,19720,18790,18620,19440,19420,17430,16120,16190,15940,14930,14570,14490,15680,15950,15940,15330,15120,15450,15240,15070,14620,14210,14100,13890,13490,11450,10800,10960,11160,10800,10400,9950,9550,8750,8090,7310,7150,6310,5510,4980,4290,3750,3290,2950,2570,2000,1630,1270,1010,880,690,510,1530,24240,24570,24340,24980,24140,24670,25680,26480,27770,28740,29760,30460,30740,30170,29410,28930,29310,28800,29030,30180,30270,29520,28520,27470,26890,26640,26150,25710,25190,25390,24990,24200,24300,24110,24400,24620,23460,21100,19530,18350,18450,19450,19190,17530,16190,15230,15660,14320,14150,14190,14810,14630,15270,14910,14880,14820,15180,14780,15200,14270,14710,14930,14930,12940,12500,12760,12640,12250,12670,11610,11370,10710,10330,9560,9060,8440,8070,7390,6970,6000,5450,4920,4670,3840,3360,3010,2650,2260,1840,1520,5170
1983,25820,25740,25900,25850,25900,25220,25800,27100,27920,29200,29730,31030,31640,32150,32210,30970,30350,30540,29940,30610,31710,31380,30650,29970,28260,27190,26610,26120,25670,25090,24920,24230,24540,24250,24250,24550,24760,23480,22130,19990,19010,18640,19530,18930,17190,16060,16470,15940,15200,14560,14470,15370,15650,15850,15140,14870,15420,14980,14620,14150,13940,13910,13910,13270,11190,10550,10680,10810,10360,10070,9740,9170,8130,7740,6890,6630,5900,4900,4530,3840,3450,3010,2620,2250,1750,1400,1020,780,700,580,1530,24470,24220,24580,24400,25000,24150,24750,25770,26660,27970,28990,30110,30700,30920,30190,29470,29200,29420,28930,29270,30150,30260,29580,28700,27570,26680,26980,26660,26010,25430,26020,25400,24620,24420,24040,24630,24540,23730,21540,19530,18210,18410,19550,19110,17270,16050,15390,15860,14540,14170,14120,14490,14360,15260,14900,14840,14790,14880,14330,15000,14270,14530,14670,14800,12790,12460,12620,12560,11710,12390,11000,11110,10530,10080,9400,8830,7880,7670,7100,6650,5550,5150,4590,4220,3360,2980,2710,2350,1990,1580,5330
1984,26380,25860,25690,26080,25860,25870,25350,25810,26980,27940,29170,29760,31060,31570,31930,32110,31060,30280,30620,30080,30340,31130,30790,29920,29730,28030,27100,26600,26320,25920,25270,25050,24310,24640,23930,24340,24670,24920,23790,22090,19460,18580,18680,19500,18730,17580,16190,16360,15740,14980,14530,14280,15090,15610,15480,15170,14760,15450,15060,14520,13810,13780,13560,13660,13110,10910,10130,10140,10360,10000,9690,9180,8600,7640,7090,6480,6150,5400,4510,4160,3500,3070,2620,2290,1930,1510,1210,810,610,570,1620,25020,24630,24260,24630,24520,24980,24140,24890,25940,26940,28110,29220,30320,30620,31040,30310,29270,28910,29270,28920,29090,29410,29880,29530,28650,27580,27070,26610,26940,26570,25660,25920,25230,24610,24560,24460,25000,24490,23560,21250,19380,18260,18430,19500,19180,17160,16170,15530,15410,14390,14130,13890,14430,14650,15360,15000,14860,14490,14710,14340,15190,14360,14580,14640,14590,12590,12330,12410,12270,11580,12180,10660,10800,10350,9880,9070,8380,7560,7300,6840,6330,5190,4850,4280,3870,3020,2660,2380,2020,1720,5620
1985,26450,26290,25830,25550,25910,25770,25910,25340,25600,26760,28020,29210,29700,31130,31420,31770,32090,30860,30140,30440,29560,29680,30200,30000,28880,28800,27670,27080,26890,26270,25870,24950,24700,24390,24170,23680,24460,24610,24990,23570,22130,19370,18280,18500,19390,18920,17360,15880,16200,15600,14950,14420,14310,15260,15340,15200,14930,14640,15460,14770,14300,13600,13510,13290,13500,13040,10280,9380,9590,9970,9460,9520,8840,8030,7130,6640,6180,5760,4930,4140,3770,3060,2630,2220,1960,1660,1250,980,620,480,1610,25280,24960,24630,24340,24640,24520,24960,24190,24880,25860,26850,28020,29100,30190,30700,30970,30220,29270,28530,28900,28230,28550,28400,28990,28960,28340,27240,27500,26580,26800,26590,25780,25960,25390,24710,24650,24430,24660,24390,23590,21010,19040,17960,18170,19600,19070,16940,16010,15710,15530,14460,13970,13740,14360,14530,15430,15020,14570,14310,14760,14190,15060,14180,14500,14440,14540,12200,12000,12080,12160,11300,11350,10240,10390,10020,9510,8430,7770,7020,6940,6360,5900,4760,4470,3890,3370,2570,2290,2060,1720,5620
1986,26400,26710,25930,25850,25470,25570,26030,26270,25180,25630,27080,27630,29010,29910,31450,31760,31130,30870,29950,29220,28590,27640,28050,28700,28850,28850,27900,27530,27080,26470,26400,25620,25030,24570,24860,24020,24020,24770,24570,24020,23330,20600,19340,18630,18750,19520,19340,17540,16070,15480,15070,14930,14770,14480,14780,14770,15250,15180,14960,14970,14730,14410,13970,13470,12550,12530,11870,10510,9660,9440,9470,8950,8700,8120,7530,6880,6470,5780,5130,4570,3940,3460,2800,2340,1950,1710,1500,1250,790,570,1830,25680,25510,24680,24280,23980,24230,24980,25290,24770,24880,25790,26440,27760,29000,29850,30170,30300,29980,29240,28130,27380,27040,27460,28000,28540,29830,28890,28120,27480,27130,27100,26560,25500,24900,24570,23560,24190,24490,24780,24760,23570,21090,19020,18580,18580,18860,18330,16990,16210,15550,15640,14440,14250,14300,14310,14320,14820,14660,14870,14600,14430,14730,14300,14040,14470,14110,13760,12140,11570,11480,12000,11170,11330,10510,10340,9160,8990,8310,7650,6850,6430,5860,5240,4470,3810,3470,3230,2580,2070,1630,6000
1987,28460,26250,26840,26150,25590,25540,25690,25640,26060,25330,25710,27170,27360,28740,29390,31000,31550,30640,30270,29660,28820,28400,27230,27580,28710,29510,28600,28150,28080,27350,26610,26580,25550,25380,24930,25540,24540,24060,24960,24080,23540,23070,20680,18890,18890,19380,19720,19250,17610,16110,14950,14870,14670,14330,14270,14410,14560,15530,14980,14980,14970,14720,14380,13430,12990,12480,11920,11010,10000,9330,8990,9070,8510,8490,7880,7120,6470,6100,5300,4520,4100,3510,3050,2420,2040,1640,1360,1260,990,650,1770,26970,26010,25720,24580,24270,23980,24270,24830,25150,24710,24710,25280,25900,27420,28900,29810,29980,30420,29850,29100,27770,27150,26920,27100,28520,28690,29890,29020,28720,28080,27450,27480,26710,25380,25210,24620,23670,23860,24030,24650,24480,23160,20190,18510,18260,18590,18980,18490,16610,15480,15250,15690,14630,14370,14370,14070,14220,15180,14550,15320,14760,14450,14660,14280,13630,14790,14260,13180,11730,11560,11370,11770,10960,10950,10220,10110,8940,8710,8030,7290,6640,5890,5480,4860,4170,3380,3070,2840,2140,1730,6090
1988,28970,27910,26100,26260,25710,25310,25630,25540,25450,25610,24840,25750,27130,27440,29160,29230,30310,31160,30110,29500,28810,27730,26780,26400,26620,28280,28890,28350,28360,27490,26900,26660,26850,25860,24320,24270,23980,23810,23690,24210,23610,22560,22570,19950,19420,18590,18900,19690,19290,17670,16230,15330,14740,14600,14410,14390,14360,14120,14360,14870,14650,14380,14390,13810,13600,13000,12530,11550,10870,9690,8860,8670,8760,8130,7930,7480,6650,5920,5320,4900,4190,3750,3170,2590,2160,1750,1390,1080,1020,760,1790,27450,26530,25810,25620,24450,23960,24030,24330,24680,25130,24940,24540,25170,25500,26990,28450,29130,30210,30380,29080,28310,27280,26910,26930,26870,28860,28810,29520,28760,28730,28500,27720,26850,26440,25440,25320,24820,23770,23350,23120,24210,24590,22660,20090,18810,18520,18080,18990,18090,16290,15660,15390,15550,14450,14150,14660,14450,14320,15530,14410,14800,14280,14340,14410,13970,13390,14070,13960,13240,11260,11550,11080,11270,10640,10480,9700,9630,8540,8260,7450,7040,6190,5540,5010,4290,3670,3020,2650,2370,1690,6170
1989,29090,28120,27840,26500,26720,25910,25360,25490,25330,25790,25760,24810,25610,26950,27250,28940,29110,29440,30480,29820,28920,28000,26290,26650,25950,26890,27900,28230,28150,28260,27600,26930,27250,26500,25690,24190,24120,23720,23790,23550,24350,23760,22540,22580,19940,18780,18510,18450,19540,18780,17080,15850,15440,15190,14190,14200,14140,14620,14350,14820,14960,14360,14440,13780,13580,13110,12440,12180,11610,10650,9810,8530,8150,8380,7860,7410,6860,6250,5410,4870,4420,4050,3330,2740,2350,1990,1490,1160,850,750,1930,28110,26830,26460,25640,25530,24530,24130,23950,24270,24900,24940,24800,24820,25620,25460,27200,28380,29100,29880,29520,28500,28080,26920,26270,26740,27810,28340,29040,29790,29340,29270,28320,27550,27480,26470,25350,24690,24930,23500,23600,23640,24310,24320,22540,20210,19250,18650,18040,18480,18250,16520,15400,14920,15140,14300,14150,14610,14360,14610,14730,14160,14540,13960,14190,14750,13940,13210,13820,13670,13110,11180,11390,10380,10730,10150,10180,9380,9300,8320,7610,6940,6750,5730,5060,4550,3880,3280,2750,2370,2040,6250
1990,29350,29420,28170,27990,26980,26630,26020,25730,25370,25310,26200,25790,25140,25920,27000,26980,28400,29030,29710,30330,29530,28640,27210,25780,25970,26010,26410,28200,28280,28640,28450,27690,27410,26840,26390,25650,25000,24790,24800,24300,24010,24120,24590,24300,23140,20900,19100,18370,18250,18890,18230,16570,15540,15270,14470,14020,14190,13690,13910,14660,15170,14470,14160,14280,14000,13280,12780,12050,11490,11390,10580,9380,8320,7880,7880,7140,6810,6300,5740,5070,4490,3810,3410,2930,2430,2020,1660,1340,1100,770,2080,28320,28100,26870,26420,25780,25560,24800,24350,24130,24320,25050,24990,24720,24970,25680,25840,27190,28180,28900,29440,28890,27860,27130,26250,26150,27020,28420,29390,30290,30140,29750,28590,28210,27450,27060,26550,25840,25260,24750,23800,24240,23720,24180,24000,22520,20340,18720,17790,17770,18740,18030,16690,15930,15200,14610,13990,14200,13960,14080,14330,14980,14190,14170,13940,14070,14130,13670,13330,13380,13380,12890,11360,10950,10620,10580,9970,10170,9210,8680,7690,7260,6530,6120,5120,4690,4180,3550,2970,2430,2050,6790
1991,29030,30000,29660,28850,28410,27150,26730,25990,25890,25470,25800,26830,26000,24810,25710,26350,26380,27990,29120,29810,30060,29590,27950,27070,25870,25340,26200,27180,28520,28600,28920,28820,27920,28090,27280,26160,25410,25350,24190,24030,23840,24000,23650,23270,24220,22380,19960,17990,18610,18140,18890,18000,17130,15860,14960,14310,13820,14000,13820,14360,14480,14660,13930,13820,13800,13830,13200,12380,12120,11040,11300,10250,8950,8020,7600,7480,6740,6460,6050,5580,4770,3970,3460,3080,2550,2120,1700,1360,1150,890,2280,26990,28940,28360,26890,26210,26020,25570,25030,24360,23950,24690,25280,25440,24640,25090,25350,25670,27050,28460,28810,29460,28290,27210,27510,26820,27090,26850,27890,28930,30450,30600,29460,28800,28840,27860,26680,26060,26130,25350,25250,23960,24160,23970,24290,24580,22820,20290,18580,17300,17500,18780,18730,17010,16180,14970,14800,14030,14040,13620,14040,14260,14600,14430,14240,13940,14120,14040,13930,13140,13570,13220,12630,11470,11160,10690,10520,9570,9460,8280,8190,7320,6760,6180,5870,4790,4260,3680,3120,2560,2130,7120
1992,28580,30020,30320,29850,29010,28290,27540,26740,26010,26170,25960,26210,26940,26040,25000,25440,26680,26240,27530,28370,29140,29000,29060,27240,26420,25260,24730,25590,27620,28510,28830,28560,28510,28510,27390,27610,26840,25460,24710,24310,24180,24330,23870,23370,23220,24570,21580,19600,18360,18690,18640,19240,18910,16850,15660,15290,14390,13670,14320,13840,14290,14560,14710,13520,13890,13870,14060,13400,11960,11630,10850,11090,9930,9260,8190,7600,7000,6340,6280,5440,5210,4160,3500,3100,2670,2230,1780,1390,1140,920,2370,26320,26980,29260,28140,26830,25990,26220,25760,25170,24210,24010,24540,24790,25240,24540,24930,25630,25560,26810,28560,28880,29180,28130,27200,27330,27420,26700,27420,28420,30310,30660,30920,29280,29400,28680,28530,27150,26190,26090,25150,25410,24030,24530,23710,24150,24210,22740,19460,18760,17160,17390,18990,19560,16790,16070,15140,14790,13720,13600,12870,13650,13800,14490,13970,14330,14110,13500,13440,13750,12700,12960,13070,12600,12040,10830,9960,10280,9310,9000,7780,7750,6900,6230,5830,5160,4330,3800,3230,2770,2270,7540
1993,27870,29410,30000,30670,29960,28870,28350,27600,26470,25670,26230,26040,26450,26720,25670,24910,25510,26750,25790,27160,27900,28680,28350,28130,26150,26300,24930,24690,25520,27940,29580,29010,29260,28330,28750,27430,27360,27490,25110,25050,24450,23840,23700,24490,24170,23150,24240,22300,18680,17250,18690,18400,19100,19180,16150,15590,16290,14410,13590,13610,14230,14180,14640,15290,14470,13750,13530,13600,12760,11800,11390,10670,10430,9700,9210,7900,7140,6740,6160,5940,4910,4510,3770,3030,2630,2260,1900,1600,1230,930,2460,26700,27450,27090,29330,28750,27500,26510,26460,26280,25350,24460,23730,24700,24890,25110,23540,24300,25140,25680,27060,28220,27580,28610,28520,28390,27380,27890,27120,28130,28270,30420,31400,30880,30020,29740,28800,27910,27260,27100,26450,25540,25070,23400,24230,23630,24160,23660,22340,19710,18240,17600,17780,18420,19180,16790,15510,15000,15150,14160,14120,13070,13570,14080,14080,13580,14250,13940,14000,13320,13700,12950,12760,12820,12030,12070,10880,9920,9870,8860,8590,7610,7280,6420,5800,5390,4740,3850,3360,2910,2440,8030
1994,27600,29160,29540,30500,30860,30210,29190,28570,27870,26800,26380,26840,26200,26470,26420,25790,25320,25700,26510,25710,26780,27440,27310,27600,28140,27200,26130,25350,25610,26450,28580,28830,29820,29450,28330,28560,28150,26670,26960,25240,26280,25330,24540,23530,24270,23800,24080,24540,22890,19830,18020,18250,18630,19080,19000,15760,15210,15740,14820,13800,13560,14280,13470,14050,15170,14120,13320,12920,13210,12370,11680,11600,10400,9970,9250,7930,7510,6500,6250,5700,5220,4430,4150,3390,2590,2210,1900,1550,1300,1000,2530,26400,27890,27600,28160,29850,29240,27960,26680,26930,26420,25570,25210,24270,25220,25300,25460,24040,24450,25340,25810,26820,27900,28400,28900,28590,28570,28300,28260,28170,28280,29300,31010,31290,30860,30360,30400,28740,27650,27380,26950,26530,25950,25570,23870,24680,23720,23930,23770,22690,19700,18740,17640,17120,18490,18160,16490,15040,14780,15210,14210,14180,13410,13310,13570,14250,12910,13620,14420,14410,13280,13280,12410,12620,12200,11080,10980,10120,9620,9160,8370,8240,7300,6960,6020,5360,4900,4200,3310,2890,2450,8440
1995,28220,28820,28730,29130,30780,31420,30300,29340,28850,28100,27790,27010,27410,26900,26890,26980,26340,25630,25580,26440,26030,26660,27380,27570,27380,27680,27990,27440,26440,26830,27630,28700,29670,29590,30360,29740,28890,28110,28110,27720,26120,25750,24820,25240,24450,24720,24170,24600,24200,22740,20340,19170,18250,17850,18640,17900,16160,15590,14660,14060,14170,13560,13630,13590,13980,14390,13440,13080,12860,12460,11730,11000,10410,9900,9400,8870,7170,6710,5830,5690,5190,4720,4020,3710,3180,2430,1970,1570,1290,1060,2810,26130,27100,27120,27480,28680,29970,29120,28000,26950,26630,26490,25480,25270,24820,25510,25340,25590,24820,24740,25490,25770,27000,27770,28080,29020,28470,29480,28960,29430,28420,29000,30480,31750,32020,31940,31280,30300,29310,28460,27510,27490,26600,26060,25210,24580,25040,24640,24630,24330,23100,20400,18580,18210,17670,18820,18050,16220,15620,14870,14570,14500,14040,14030,13530,13640,14040,14170,13590,13330,13560,13040,12730,12360,11940,11780,11450,10130,9610,8950,8850,8160,7860,7100,6470,5490,4850,4360,3740,2990,2550,8570
"Table information:"
"Units:"
"Number, Magnitude = Units"
""
"Footnotes:"
" "
"Symbols:"
".. figure not available"
"C: Confidential"
"E: Early Estimate"
"P: Provisional"
"R: Revised"
"S: Suppressed"
""
"Status flags are not displayed"
""
"Table reference: "
"DPE067AA"
""
"Last updated:"
"14 August 2012 10:45am"
""
"Source: Statistics New Zealand"
"Contact: Information Centre"
"Telephone: 0508 525 525"
"Email:info@stats.govt.nz"
""
""
""
